-- phpMyAdmin SQL Dump
-- version 4.9.7
-- https://www.phpmyadmin.net/
--
-- Хост: 10.0.0.249:3306
-- Время создания: Июл 23 2026 г., 05:51
-- Версия сервера: 10.11.18-MariaDB-cll-lve-log
-- Версия PHP: 7.4.11

SET SQL_MODE = "NO_AUTO_VALUE_ON_ZERO";
SET AUTOCOMMIT = 0;
START TRANSACTION;
SET time_zone = "+00:00";


/*!40101 SET @OLD_CHARACTER_SET_CLIENT=@@CHARACTER_SET_CLIENT */;
/*!40101 SET @OLD_CHARACTER_SET_RESULTS=@@CHARACTER_SET_RESULTS */;
/*!40101 SET @OLD_COLLATION_CONNECTION=@@COLLATION_CONNECTION */;
/*!40101 SET NAMES utf8mb4 */;

--
-- База данных: `partnerka72_kosmonew`
--

-- --------------------------------------------------------

--
-- Структура таблицы `admin_users`
--

CREATE TABLE `admin_users` (
  `id` int(11) NOT NULL,
  `username` varchar(100) NOT NULL,
  `password_hash` varchar(255) NOT NULL,
  `created_at` timestamp NULL DEFAULT current_timestamp()
) ENGINE=InnoDB DEFAULT CHARSET=utf8mb4 COLLATE=utf8mb4_general_ci;

--
-- Дамп данных таблицы `admin_users`
--

INSERT INTO `admin_users` (`id`, `username`, `password_hash`, `created_at`) VALUES
(5, 'admin', '$2b$10$G0LDHqToQhcwayS9uU2SkuF/LgG4qJ6S1mju6acvwFYtewwzbHFam', '2026-07-22 12:11:10');

-- --------------------------------------------------------

--
-- Структура таблицы `articles`
--

CREATE TABLE `articles` (
  `id` int(11) NOT NULL,
  `title` varchar(500) NOT NULL,
  `slug` varchar(500) NOT NULL,
  `excerpt` text DEFAULT NULL,
  `content` text NOT NULL,
  `meta_title` varchar(255) DEFAULT NULL,
  `meta_description` text DEFAULT NULL,
  `cover_image` text DEFAULT NULL,
  `is_published` tinyint(1) NOT NULL DEFAULT 0,
  `created_at` timestamp NULL DEFAULT current_timestamp(),
  `updated_at` timestamp NULL DEFAULT current_timestamp() ON UPDATE current_timestamp()
) ENGINE=InnoDB DEFAULT CHARSET=utf8mb4 COLLATE=utf8mb4_general_ci;

--
-- Дамп данных таблицы `articles`
--

INSERT INTO `articles` (`id`, `title`, `slug`, `excerpt`, `content`, `meta_title`, `meta_description`, `cover_image`, `is_published`, `created_at`, `updated_at`) VALUES
(1, 'Как получить займ без отказа', 'kak-poluchit-zaym-bez-otkaza-1784642648850', 'В 2026 году микрозаймы остаются одним из самых доступных способов быстро получить деньги. Разберём тему: Как получить займ без отказа....', 'Как получить займ без отказа\n\nВ 2026 году микрозаймы остаются одним из самых доступных способов быстро получить деньги. Разберём тему: Как получить займ без отказа.\n\nПри выборе финансового продукта обращайте внимание на процентную ставку, полную стоимость кредита (ПСК) и наличие скрытых комиссий.\n\nОсновные рекомендации:\n- Сравнивайте несколько предложений\n- Читайте договор перед подписанием\n- Не берите больше, чем можете вернуть\n- Проверяйте организацию в реестре ЦБ РФ\n\nНа сайте Космозайм вы можете сравнить условия разных организаций и выбрать лучшее предложение с помощью удобных фильтров и калькулятора.\n\nВыводы\n\nГрамотный подход к выбору финансовых продуктов поможет сэкономить деньги и избежать проблем. Используйте наш сервис для сравнения предложений.', 'Как получить займ без отказа | Космозайм', 'В 2026 году микрозаймы остаются одним из самых доступных способов быстро получить деньги. Разберём тему: Как получить займ без отказа....', '/public/images/42.jpg', 1, '2026-07-21 14:04:08', '2026-07-21 13:25:18'),
(2, 'Как снизить ставку по кредиту', 'kak-snizit-stavku-po-kreditu-1784651193998', 'Банковские кредиты в 2026 году предлагают разнообразные условия. Рассмотрим: Как снизить ставку по кредиту....', 'Как снизить ставку по кредиту\n\nБанковские кредиты в 2026 году предлагают разнообразные условия. Рассмотрим: Как снизить ставку по кредиту.\n\nПри выборе финансового продукта обращайте внимание на процентную ставку, полную стоимость кредита (ПСК) и наличие скрытых комиссий.\n\nОсновные рекомендации:\n- Сравнивайте несколько предложений\n- Читайте договор перед подписанием\n- Не берите больше, чем можете вернуть\n- Проверяйте организацию в реестре ЦБ РФ\n\nНа сайте Космозайм вы можете сравнить условия разных организаций и выбрать лучшее предложение с помощью удобных фильтров и калькулятора.\n\nВыводы\n\nГрамотный подход к выбору финансовых продуктов поможет сэкономить деньги и избежать проблем. Используйте наш сервис для сравнения предложений.', 'Как снизить ставку по кредиту | Космозайм', 'Банковские кредиты в 2026 году предлагают разнообразные условия. Рассмотрим: Как снизить ставку по кредиту....', '/public/images/0c3b9b1.jpg', 1, '2026-07-21 16:26:34', '2026-07-21 13:29:46'),
(3, 'Рефинансирование займов', 'refinansirovanie-zaymov-1784692554048', 'В 2026 году микрозаймы остаются одним из самых доступных способов быстро получить деньги. Разберём тему: Рефинансирование займов....', ' Рефинансирование займов: суть, выгоды, риски и порядок оформления\n\n1. Что такое рефинансирование\n\nРефинансирование (перекредитование) — это оформление нового займа с целью полного погашения одного или нескольких существующих кредитов на более выгодных условиях. Чаще всего заёмщик берёт кредит в новом банке, который перечисляет деньги напрямую старому кредитору. В результате у заёмщика появляется новый долг с обновлённым графиком платежей, процентной ставкой и, возможно, сроком.\n\nГлавная цель рефинансирования — снизить финансовую нагрузку: уменьшить ежемесячный платёж, сократить общую переплату либо объединить несколько долгов в один для удобства контроля.\n\n2. Зачем рефинансируют займы: основные цели\n\n- Снижение процентной ставки.\nЕсли рыночные ставки упали либо у заёмщика улучшилась кредитная история, можно получить кредит под меньший процент и существенно сэкономить на переплате.\n- Уменьшение ежемесячного платежа. \nДостигается за счёт увеличения срока кредита. Это актуально, если доходы временно снизились и прежний платёж стал обременительным.\n- Объединение нескольких кредитов в один. \nУдобно, когда есть долги в разных банках (потребительский кредит, кредитная карта, автокредит и т. д.): вместо нескольких платежей — один, с единой датой и суммой.\n-  Смена валюты или типа платежа. \nНапример, переход с дифференцированных платежей на аннуитетные (равные платежи каждый месяц) либо отказ от валютного кредита в пользу рублёвого.\n- Снятие обременения или изменение условий залога. \nВ отдельных случаях рефинансирование позволяет вывести имущество из-под залога либо изменить условия обеспечения.\n\n3. Какие займы можно рефинансировать\n\nБанки обычно готовы рефинансировать:\n\n- потребительские кредиты;\n- ипотечные кредиты;\n- автокредиты;\n- долги по кредитным картам;\n- образовательные и иные целевые кредиты.\n\nМикрозаймы рефинансируются реже: банки считают их высоко-рисковыми. Также могут быть сложности с рефинансированием уже реструктуризированных кредитов.\n\n4. Рефинансирование vs реструктуризация: в чём разница\n\nЭто два разных инструмента, которые решают схожие задачи, но работают по-разному.\n\n| Критерий | Рефинансирование | Реструктуризация |\n| --- | --- | --- |\n| Где оформляется | В том же или другом банке (новый кредит) | В текущем банке (изменение условий старого кредита) |\n| Механизм | Закрытие старого долга новым кредитом | Изменение графика, ставки или иных условий действующего договора |\n| Влияние на кредитную историю | При своевременных платежах обычно улучшает | Может быть нейтральным или негативным (особенно если была просрочка) |\n| Гибкость условий | Зависит от рыночных предложений и вашей платёжеспособности | Зависит от политики банка и подтверждённых трудностей заёмщика |\n\nРеструктуризацию чаще предлагают при временных финансовых трудностях, подтверждённых документами. Рефинансирование — это рыночный продукт, доступный при хорошей платёжеспособности и кредитной истории.\n\n---\n\n5. Когда рефинансирование выгодно\n\nВыгода возникает, если экономия на процентах и удобство перекрывают сопутствующие расходы. Типичные ситуации:\n\n- Разница в ставках составляет 2 процентных пункта и более.\n- До конца выплат по кредиту остаётся значительная часть срока (например, больше половины).\n- Есть несколько кредитов с разными датами и суммами платежей — их объединение упрощает управление финансами.\n- Ключевая ставка ЦБ снизилась, и банки предлагают более выгодные условия.\n- Улучшились личные показатели: вырос доход, стаж, кредитный рейтинг.\n\nДля точного расчёта используют кредитный калькулятор: сравнивают полную стоимость кредита (ПСК), ежемесячные платежи и итоговую переплату по старому и новому варианту.\n\n6. Когда рефинансирование невыгодно\n\n- Кредит почти погашен. При аннуитетных платежах основная часть процентов уже выплачена, а экономия от снижения ставки будет минимальной.\n- Разница в ставках незначительна (менее 1–2 процентных пунктов), а сопутствующие расходы (страховка, оценка недвижимости, комиссии) велики.\n- Новый кредит предполагает дополнительные обязательные услуги (например, дорогую страховку), которые съедают выгоду.\n- Есть просрочки или испорченная кредитная история — шансы на одобрение снижаются, а условия могут оказаться хуже.\n\n7. Процедура рефинансирования: пошаговый алгоритм\n\n1. Анализ текущей ситуации.\nСоберите договоры, графики платежей, справки об остатке задолженности и просрочках (если есть). Проверьте кредитную историю через БКИ.\n2. Сравнение предложений. \nИзучите программы разных банков: ставки, ПСК, требования к заёмщику, наличие комиссий и обязательных страховок.\n3. Расчёт выгоды. \nИспользуйте кредитные калькуляторы, чтобы сравнить переплату и ежемесячные платежи. Учитывайте все дополнительные расходы.\n4. Подача заявки. \nЭто можно сделать онлайн или в отделении. Понадобятся паспорт, СНИЛС, справка о доходах (2‑НДФЛ или по форме банка), документы по текущим кредитам.\n5. Ожидание решения. \nБанк проверит платёжеспособность, кредитную историю и соответствие требованиям.\n6. Подписание договора. \nВнимательно изучите условия: ставку, срок, график платежей, штрафы, возможность досрочного погашения, условия сохранения низкой ставки.\n7. Погашение старого долга. \nНовый банк обычно сам перечисляет деньги кредитору. Обязательно запросите справку о полном погашении и закрытии счёта — это защитит кредитную историю от ошибок.\n8. Обслуживание нового кредита. \nВносите платежи вовремя, следите за соблюдением условий, дающих право на льготную ставку (например, наличие зарплатной карты или страховки).\n\n8.Требования банков к заёмщикам\n\nТипичные условия:\n\n- гражданство РФ, возраст от 18–21 года;\n- стабильный доход и стаж (часто не менее 3–6 месяцев на текущем месте);\n- хорошая кредитная история без текущих просрочек;\n- отсутствие высокой долговой нагрузки (показатель долговой нагрузки — ПДН — должен укладываться в допустимые рамки);\n- для ипотеки — документы на недвижимость, отчёт об оценке, страховые полисы.\n\n9. Риски и «подводные камни»\n\n- Дополнительные расходы.\nСтраховка, оценка недвижимости, нотариальные услуги и прочие сборы могут существенно снизить выгоду.\n- Изменение условий.\nИногда пониженная ставка действует только первые месяцы либо при условии использования других продуктов банка.\n- Ограничения по срокам. \nБанки могут требовать, чтобы кредит был оформлен не менее 3–6 месяцев назад, а до конца срока оставалось не менее определённого периода.\n- Отказ в рефинансировании. \nДаже при подаче заявки нет гарантии одобрения; повторные отказы могут негативно отразиться на кредитной истории.\n- Увеличение общей переплаты. \nПри увеличении срока кредита ежемесячный платёж снижается, но суммарная переплата по процентам растёт.\n\n---\n\n9. Практические советы\n\n- Всегда считайте полную стоимость кредита (ПСК) и сравнивайте её по разным предложениям.\n- Не ориентируйтесь только на рекламную ставку: уточняйте, при каких условиях она действует.\n- Сохраняйте все документы: справки о погашении, копии договоров, переписку с банками.\n- Если сомневаетесь, проконсультируйтесь с независимым финансовым советником либо используйте официальные сервисы сравнения кредитов.\n- При ипотеке учитывайте не только ставку, но и стоимость страховки, оценки и регистрации нового залога.\n\n10. Важное предупреждение\n\nЛюбые кредитные операции связаны с финансовыми рисками. Рефинансирование не является универсальным решением: в одних случаях оно помогает сэкономить и упростить выплаты, в других — приводит к дополнительным расходам. Перед принятием решения обязательно проведите расчёты и внимательно изучите условия договора. При необходимости обратитесь за консультацией к квалифицированному финансовому специалисту.\n\nЕсли скажете, какой именно тип кредита вас интересует (например, ипотека, потребительский или автокредит) или какая цель (снизить платёж или переплату), подскажу, на что обратить особое внимание в вашем случае.\nНа сайте Космозайм вы можете сравнить условия разных организаций и выбрать лучшее предложение с помощью удобных фильтров и калькулятора.\n\nВыводы\n\nГрамотный подход к выбору финансовых продуктов поможет сэкономить деньги и избежать проблем. Используйте наш сервис для сравнения предложений.', 'Рефинансирование займов | Космозайм', 'В 2026 году микрозаймы остаются одним из самых доступных способов быстро получить деньги. Разберём тему: Рефинансирование займов....', '/images/refinance.jpg', 1, '2026-07-22 03:55:54', '2026-07-22 01:14:08'),
(4, 'Займ онлайн: как это работает, плюсы, риски и на что обратить внимание', 'zaym-onlayn-kak-eto-rabotaet-plyusy-riski-i-na-chto-obratit-vnimanie-1784697286576', 'Займ онлайн — это способ быстро получить деньги в долг через интернет. В последние годы такие услуги стали очень популярны: оформить заявку можно с телефона или компьютера, а деньги нередко поступают на карту в течение нескольких минут. Но вместе с удобством появляются и риски, поэтому важно понимать, как устроены онлайн‑займы, кто их выдаёт, на каких условиях и как не попасть в неприятную ситуацию.', ' Что такое онлайн‑займ и кто его выдаёт\n\nОнлайн‑займ — это заём, который оформляется дистанционно, без посещения офиса. Деньги могут перечисляться на банковскую карту, электронный кошелёк или выдаваться другими способами, предусмотренными кредитором.\n\nЧаще всего такие займы выдают микрофинансовые организации (МФО), а не банки. У МФО обычно более простые требования к заёмщику, но и ставки выше. Также на рынке встречаются кредитные потребительские кооперативы и некоторые другие структуры, имеющие право выдавать займы. Главное — они должны быть включены в государственный реестр Банка России. Это гарантия того, что деятельность компании находится под надзором регулятора.\n\n Как оформить займ онлайн\n\nПроцесс обычно выглядит так:\n\n1. Выбор предложения.\nЗаёмщик сравнивает условия разных МФО: процентные ставки, сроки, требования к документам.\n2. Заполнение заявки.\n В форме на сайте или в приложении указывают личные данные, сведения о доходах, контактную информацию.\n3. Подтверждение личности.\nЧасто требуется загрузить фото паспорта или пройти идентификацию через банковские сервисы. Некоторые компании используют упрощённую идентификацию по номеру телефона и паспортным данным.\n4. Рассмотрение заявки.\nСистема автоматически анализирует данные и принимает решение. Это может занять от нескольких минут до суток.\n5. Подписание договора.\nЕсли заявка одобрена, заёмщику предлагают подписать договор — обычно с помощью электронной подписи (например, кода из СМС).\n6. Получение денег.\nПосле подписания средства зачисляются на указанный счёт или карту.\n\nОсновные условия и особенности\n\nУ онлайн‑займов есть несколько характерных черт:\n\nНебольшие суммы и короткие сроки.\nЧасто речь идёт о суммах до 30–100 тысяч рублей на срок от нескольких дней до месяца.\nВысокие процентные ставки.\nИз‑за повышенных рисков и простоты оформления ставки у МФО заметно выше, чем в банках. При этом закон ограничивает максимальную стоимость займа: действует предельный уровень полной стоимости кредита (ПСК), который нельзя превышать.\nПростота оформления.\nДля получения займа часто достаточно паспорта и минимального набора данных. Проверка кредитной истории происходит, но требования к ней мягче, чем в банке.\nАвтоматизированные решения.\nМногие заявки обрабатываются скоринговыми системами, которые оценивают платёжеспособность заёмщика по множеству параметров.\n\nПлюсы онлайн‑займов\n\nСкорость.\nДеньги можно получить очень быстро, иногда в течение 15–30 минут.\nДоступность.\n Оформить займ можно из любой точки, где есть интернет, в любое время суток.\nМинимум документов.\nЧасто достаточно только паспорта.\nВозможность исправить кредитную историю.\nЕсли заёмщик вовремя погашает долг, это отражается в бюро кредитных историй и может улучшить его репутацию.\n\nРиски и подводные камни\n\nНесмотря на удобство, онлайн‑займы связаны с серьёзными рисками:\n\nВысокая стоимость.\nДаже небольшой займ может обойтись дорого из‑за высоких процентов.\nШтрафы и пени за просрочку.\nПри задержке платежа долг быстро растёт за счёт неустоек.\nМошенничество.\nНа рынке встречаются нелегальные кредиторы, которые маскируются под МФО. Они могут навязывать кабальные условия, требовать предоплату или незаконно обрабатывать персональные данные.\nДолговая нагрузка.\nЛёгкость получения денег может привести к тому, что человек берёт несколько займов, чтобы закрыть предыдущие, и попадает в «долговую спираль».\n\nКак выбрать надёжного кредитора\n\nЧтобы снизить риски, важно ответственно подойти к выбору МФО:\n\nПроверить реестр Банка России.\nНа сайте регулятора можно убедиться, что организация действительно имеет право выдавать займы.\nВнимательно изучить условия.\nСтоит обратить внимание не только на процентную ставку, но и на полную стоимость займа, штрафы, порядок досрочного погашения.\nОзнакомиться с отзывами и репутацией.\nПолезно почитать, что пишут другие заёмщики, и проверить, нет ли у компании массовых жалоб.\nНе доверять предложениям «без проверки» и «гарантированное одобрение».\nЧестные МФО всегда проводят проверку, а стопроцентные гарантии — частый признак недобросовестности.\n\nНа что обратить внимание в договоре\n\nПеред подписанием договора важно прочитать его целиком. Ключевые моменты:\n\nПолная стоимость займа (ПСК).\nЭто реальный показатель стоимости кредита, включающий все платежи.\nСрок возврата и график платежей.\n Нужно чётко понимать, когда и сколько придётся платить.\nУсловия досрочного погашения.\nНекоторые кредиторы устанавливают дополнительные требования или комиссии.\nПорядок начисления неустойки.\nВажно знать, сколько придётся заплатить при просрочке.\nПрава и обязанности сторон.\nВ договоре должны быть прописаны все существенные условия, а не только общие фразы.\n\nАльтернативы онлайн‑займам\n\nЕсли нужны деньги, стоит рассмотреть и другие варианты:\n\nБанковский кредит.\nОбычно имеет более низкие ставки, но требует больше документов и времени на оформление.\nКредитная карта.\nПозволяет пользоваться деньгами в пределах лимита и часто даёт льготный период без процентов.\nПомощь близких.\nИногда проще и дешевле попросить в долг у родственников или друзей.\nПродажа ненужных вещей или подработка.\nЭто способ получить деньги без долговых обязательств.\n\nПрактические советы заёмщикам\n\nБерите займ только в крайнем случае.\nИспользуйте его как временное решение, а не как постоянный источник средств.\nРассчитайте платёж заранее.\nУбедитесь, что сможете вернуть долг вовремя, не жертвуя обязательными расходами.\nНе оформляйте несколько займов одновременно.\nЭто резко увеличивает долговую нагрузку и риск просрочки.\nСохраняйте все документы и переписку.\nВ случае спора они помогут защитить ваши права.\nПри проблемах с выплатой — обращайтесь к кредитору.\nЧасто МФО готовы предложить реструктуризацию или отсрочку, если заёмщик своевременно сообщает о трудностях.\n\nОнлайн‑займы — удобный, но рискованный финансовый инструмент. Они выручают в экстренных ситуациях, но требуют внимательного отношения к условиям и ответственному подходу к возврату долга. Главное правило: перед тем как брать деньги в долг, нужно трезво оценить свои возможности и убедиться в надёжности кредитора.', 'Займ онлайн', 'Займ онлайн: как это работает, плюсы, риски', '/images/zaimonline.jpg', 1, '2026-07-22 05:14:46', '2026-07-22 05:14:46'),
(11, 'Займы для пенсионеров', 'zaymy-dlya-pensionerov-1784710560986', 'В современном мире финансовая независимость становится всё более актуальной темой, особенно для людей пенсионного возраста. Многие пенсионеры сталкиваются с необходимостью получения дополнительных сре...', '**Займы для пенсионеров: особенности и рекомендации**\n\nВ современном мире финансовая независимость становится всё более актуальной темой, особенно для людей пенсионного возраста. Многие пенсионеры сталкиваются с необходимостью получения дополнительных средств для покрытия повседневных расходов или решения непредвиденных финансовых трудностей. В этой статье мы рассмотрим особенности займов для пенсионеров, основные виды кредитов, доступные для этой категории граждан, а также дадим практические советы и рекомендации.\n\n**Почему пенсионерам нужны займы?**\n\nПенсии в России могут быть разными, и не всегда они позволяют покрыть все необходимые расходы. Некоторые пенсионеры могут столкнуться с непредвиденными финансовыми трудностями, такими как ремонт жилья, медицинские расходы или помощь близким. В таких случаях займы могут стать решением проблемы.\n\nОднако получение займа для пенсионера может быть сложным процессом. Банки и микрофинансовые организации (МФО) часто предъявляют строгие требования к заёмщикам, включая возраст, доход и кредитную историю. Поэтому важно знать особенности займов для пенсионеров и понимать, какие виды кредитов доступны для этой категории граждан.\n\n**Основные виды займов для пенсионеров**\n\nСуществует несколько основных видов займов, которые могут быть доступны для пенсионеров:\n\n1. **Потребительские кредиты.** Это наиболее распространённый вид займа, который можно получить для различных целей, таких как покупка бытовой техники, ремонт или путешествия. Потребительские кредиты могут быть предоставлены как банками, так и МФО.\n\n2. **Кредитные карты.** Некоторые банки предлагают кредитные карты для пенсионеров с льготными условиями. Кредитные карты могут быть удобным инструментом для управления финансами и решения непредвиденных расходов.\n\n3. **Займы под залог имущества.** Если у пенсионера есть имущество, такое как квартира или автомобиль, он может получить займ под залог этого имущества. Это может быть выгодным вариантом, если нужна крупная сумма денег.\n\n4. **Микрозаймы.** МФО предлагают микрозаймы, которые могут быть получены быстро и без строгого анализа кредитной истории. Однако микрозаймы часто имеют высокие процентные ставки и короткие сроки погашения.\n\n5. **Займы от негосударственных пенсионных фондов (НПФ).** Некоторые НПФ предлагают займы своим участникам. Условия таких займов могут быть более лояльными, чем в банках или МФО.\n\n**Требования к заёмщикам-пенсионерам**\n\nБанки и МФО предъявляют определённые требования к заёмщикам-пенсионерам. Эти требования могут включать:\n\n* **Возраст.** Многие банки и МФО устанавливают максимальный возраст заёмщика, который может варьироваться от 65 до 75 лет.\n* **Доход.** Заёмщик должен иметь стабильный доход, который позволит ему выплачивать займ. Это может быть пенсия, дополнительные доходы или помощь от родственников.\n* **Кредитная история.** Банки и МФО анализируют кредитную историю заёмщика, чтобы оценить его платёжеспособность. Хорошая кредитная история может повысить шансы на получение займа.\n* **Документы.** Заёмщик должен предоставить документы, подтверждающие его личность, доход и другие необходимые сведения.\n\n**Как выбрать подходящий займ?**\n\nВыбор подходящего займа зависит от нескольких факторов, таких как сумма, срок, процентная ставка и условия погашения. Вот несколько советов, которые помогут выбрать подходящий займ:\n\n* **Определите сумму и срок займа.** Прежде чем обращаться за займом, определите, какая сумма и на какой срок вам нужна. Это поможет выбрать подходящий вид займа и условия погашения.\n* **Сравните процентные ставки.** Процентная ставка — это стоимость займа, выраженная в процентах от суммы займа. Сравните процентные ставки разных банков и МФО, чтобы выбрать наиболее выгодный вариант.\n* **Учтите дополнительные расходы.** Помимо процентной ставки, могут быть дополнительные расходы, такие как комиссии, штрафы и пени. Учтите эти расходы при выборе займа.\n* **Проверьте условия погашения.** Условия погашения могут включать график платежей, возможность досрочного погашения и штрафы за просрочку платежей. Проверьте эти условия, чтобы избежать неприятных сюрпризов.\n\n**Практические советы для пенсионеров**\n\nВот несколько практических советов, которые помогут пенсионерам получить займ:\n\n* **Подготовьте все необходимые документы.** Перед обращением за займом подготовьте все необходимые документы, такие как паспорт, пенсионное удостоверение, справка о доходах и другие. Это ускорит процесс рассмотрения заявки.\n* **Выберите надёжный банк или МФО.** Выбирайте банки и МФО с хорошей репутацией и положительными отзывами. Это снизит риск столкнуться с недобросовестными кредиторами.\n* **Внимательно читайте условия договора.** Перед подписанием договора внимательно прочитайте все условия, включая процентную ставку, срок, график платежей и другие. Если что-то непонятно, задайте вопросы кредитору.\n* **Планируйте бюджет.** Перед получением займа спланируйте свой бюджет, чтобы убедиться, что сможете выплачивать займ вовремя. Это поможет избежать проблем с кредитной историей и дополнительными расходами.\n\n**Законодательство РФ и защита прав пенсионеров**\n\nЗаконодательство РФ защищает права потребителей финансовых услуг, включая пенсионеров. Основные законы, регулирующие отношения между кредиторами и заёмщиками, включают:\n\n* **Федеральный закон «О потребительском кредите (займе)» № 353-ФЗ.** Этот закон регулирует отношения между кредиторами и заёмщиками, устанавливает права и обязанности сторон, а также защищает права заёмщиков.\n* **Федеральный закон «О микрофинансовой деятельности и микрофинансовых организациях» № 151-ФЗ.** Этот закон регулирует деятельность МФО, устанавливает требования к МФО и защищает права заёмщиков.\n\nЕсли пенсионер столкнулся с нарушением своих прав, он может обратиться в Роспотребнадзор или суд для защиты своих интересов.\n\n**Заключение**\n\nЗаймы для пенсионеров могут быть полезным инструментом для решения финансовых трудностей, но важно выбирать подходящие условия и тщательно планировать бюджет. Перед получением займа рекомендуется изучить условия разных банков и МФО, подготовить все необходимые документы и внимательно прочитать договор.\n\nДля получения более подробной информации о займах и кредитах вы можете посетить сайт Космозайм (kosmozaim.ru), где найдёте полезные статьи, советы и рекомендации от экспертов в области финансов.', 'Займы для пенсионеров | Космозайм', 'В современном мире финансовая независимость становится всё более актуальной темой, особенно для людей пенсионного возраста. Многие пенсионеры сталкиваются ', '/images/articles/article-1784710560979.jpeg', 1, '2026-07-22 08:56:00', '2026-07-22 05:57:24'),
(12, 'Займы без фото и снилс', 'zaymy-bez-foto-i-snils-1784711115804', 'В современном мире финансовые услуги становятся всё более доступными и удобными для клиентов. Одним из популярных видов кредитования являются займы, которые можно получить без предоставления фотографи...', '**Займы без фото и СНИЛС: особенности, преимущества и подводные камни**\n\nВ современном мире финансовые услуги становятся всё более доступными и удобными для клиентов. Одним из популярных видов кредитования являются займы, которые можно получить без предоставления фотографии и СНИЛС. В этой статье мы рассмотрим особенности таких займов, их преимущества и возможные риски, а также дадим практические советы для тех, кто хочет воспользоваться этим видом кредитования.\n\n**Что такое займы без фото и СНИЛС?**\n\nЗаймы без фото и СНИЛС — это вид краткосрочного кредитования, который предоставляется микрофинансовыми организациями (МФО) и некоторыми банками. Для получения такого займа обычно требуется только паспорт гражданина РФ. Это делает процесс оформления кредита более простым и быстрым, что особенно удобно для тех, кто нуждается в деньгах срочно.\n\nОднако стоит отметить, что условия таких займов могут варьироваться в зависимости от конкретной МФО или банка. Некоторые организации могут потребовать дополнительные документы или информацию о заёмщике, например, контактные данные или информацию о месте работы.\n\n**Преимущества займов без фото и СНИЛС**\n\nОдним из главных преимуществ займов без фото и СНИЛС является их простота и удобство. Для оформления кредита не требуется собирать множество документов, что экономит время и силы заёмщика. Кроме того, такие займы обычно предоставляются на короткий срок, что позволяет быстро решить финансовые проблемы.\n\nЕщё одним преимуществом является возможность получения займа без проверки кредитной истории. Это может быть полезно для тех, кто имеет испорченную кредитную историю или не имеет опыта кредитования. Однако стоит помнить, что условия таких займов могут быть менее выгодными, чем у кредитов с проверкой кредитной истории.\n\nТакже стоит отметить, что займы без фото и СНИЛС могут быть доступны для граждан с низким доходом или без официального трудоустройства. Это делает их более доступными для широкого круга людей.\n\n**Риски и подводные камни займов без фото и СНИЛС**\n\nНесмотря на все преимущества, займы без фото и СНИЛС имеют свои риски и подводные камни. Одним из основных рисков является высокая процентная ставка. Поскольку такие займы предоставляются без проверки кредитной истории и без обеспечения, МФО и банки могут устанавливать высокие процентные ставки, чтобы компенсировать возможные риски.\n\nКроме того, условия таких займов могут быть невыгодными для заёмщика. Например, некоторые МФО могут устанавливать скрытые комиссии или штрафы за просрочку платежа. Поэтому перед оформлением займа важно внимательно изучить условия договора и убедиться, что они соответствуют вашим финансовым возможностям.\n\nЕщё одним риском является возможность попадания в долговую яму. Из-за высоких процентных ставок и коротких сроков погашения заёмщик может столкнуться с трудностями при выплате долга. Это может привести к накоплению долгов и ухудшению кредитной истории.\n\n**Как выбрать надёжную МФО для займа без фото и СНИЛС?**\n\nПри выборе МФО для оформления займа без фото и СНИЛС важно обратить внимание на несколько ключевых факторов:\n\n1. **Лицензия на осуществление микрофинансовой деятельности.** Перед оформлением займа убедитесь, что выбранная МФО имеет лицензию, выданную Центральным банком РФ. Это гарантирует, что организация работает легально и соблюдает требования законодательства.\n\n2. **Отзывы клиентов.** Изучите отзывы клиентов о выбранной МФО. Это поможет вам получить представление о репутации организации и её отношении к клиентам.\n\n3. **Условия займа.** Внимательно изучите условия займа, включая процентную ставку, срок погашения, комиссии и штрафы. Убедитесь, что условия соответствуют вашим финансовым возможностям и не содержат скрытых ловушек.\n\n4. **Прозрачность информации.** Надёжная МФО предоставляет полную и прозрачную информацию о своих услугах и условиях займа. Если организация скрывает важную информацию или даёт расплывчатые ответы на вопросы, это может быть признаком недобросовестности.\n\n5. **Удобство оформления.** Обратите внимание на удобство оформления займа. Надёжные МФО предоставляют возможность оформления займа онлайн, что экономит время и силы клиента.\n\n**Практические советы для получения займа без фото и СНИЛС**\n\nЕсли вы решили оформить займ без фото и СНИЛС, следуйте следующим практическим советам:\n\n1. **Сравните условия разных МФО.** Перед оформлением займа сравните условия разных МФО, чтобы выбрать наиболее выгодные. Обратите внимание на процентную ставку, срок погашения, комиссии и штрафы.\n\n2. **Внимательно изучите договор.** Перед подписанием договора внимательно изучите его условия. Убедитесь, что вы понимаете все термины и условия, а также знаете свои права и обязанности.\n\n3. **Рассчитайте свои финансовые возможности.** Прежде чем оформлять займ, рассчитайте свои финансовые возможности и убедитесь, что сможете выплатить долг в срок. Это поможет избежать проблем с просрочкой платежа и накоплением долгов.\n\n4. **Используйте займы только в случае необходимости.** Займы без фото и СНИЛС являются краткосрочным кредитованием и должны использоваться только в случае острой необходимости. Не стоит брать займы для покрытия повседневных расходов или развлечений.\n\n5. **Следите за своей кредитной историей.** Даже если вы оформляете займ без проверки кредитной истории, важно следить за своей кредитной историей и поддерживать её в хорошем состоянии. Это поможет вам в будущем получить более выгодные условия кредитования.\n\n**Заключение**\n\nЗаймы без фото и СНИЛС могут быть удобным и быстрым способом решения финансовых проблем. Однако перед оформлением такого займа важно тщательно изучить условия и выбрать надёжную МФО. Следуя практическим советам и рекомендациям, вы сможете избежать возможных рисков и получить выгодный займ.\n\nДля получения более подробной информации о займах и других финансовых услугах, посетите сайт Космозайм (kosmozaim.ru). Здесь вы найдёте актуальные новости, статьи и советы по финансовым вопросам, которые помогут вам принимать взвешенные решения и управлять своими финансами эффективно.', 'Займы без фото и снилс | Космозайм', 'В современном мире финансовые услуги становятся всё более доступными  для клиентов. Одним из популярных видов кредитования являются займы без фото и СНИЛС', '/images/articles/article-1784711115797.jpeg', 1, '2026-07-22 09:05:15', '2026-07-22 06:07:07'),
(13, 'Займ без процентов', 'zaym-bez-protsentov-1784711917475', 'В современном мире финансовые услуги становятся всё более доступными, и многие люди обращаются за займами без процентов для решения различных задач. ', '**Займ без процентов: особенности, виды и советы для заёмщиков в России**\n\nВ современном мире финансовые услуги становятся всё более доступными, и многие люди обращаются за займами для решения различных задач. Однако не всегда хочется переплачивать за проценты, особенно если сумма займа небольшая или срок его возврата короткий. В таких случаях можно рассмотреть возможность получения займа без процентов. В этой статье мы подробно разберём, что такое займы без процентов, какие виды таких займов существуют, как их получить и на что обратить внимание при выборе такого займа.\n\n**Что такое займ без процентов?**\n\nЗайм без процентов — это вид займа, при котором заёмщик не платит проценты за пользование средствами. Это может быть как краткосрочный, так и долгосрочный займ, предоставляемый различными финансовыми организациями, включая банки, микрофинансовые организации (МФО) и другие кредитные учреждения.\n\nВажно понимать, что даже при займе без процентов могут быть дополнительные расходы, такие как комиссии, сборы и другие платежи. Поэтому перед оформлением займа необходимо внимательно изучить условия договора и убедиться, что вы понимаете все возможные расходы.\n\n**Виды займов без процентов**\n\nСуществует несколько видов займов без процентов, которые можно разделить по следующим критериям:\n\n1. **По сроку предоставления:**\n* Краткосрочные займы (до 30 дней).\n* Среднесрочные займы (от 30 дней до 1 года).\n* Долгосрочные займы (более 1 года).\n\n2. **По типу кредитора:**\n* Займы от банков.\n* Займы от МФО.\n* Займы от частных лиц или организаций.\n\n3. **По цели использования:**\n* Потребительские займы (на покупку товаров, оплату услуг и т. д.).\n* Займы на развитие бизнеса.\n* Займы на образование и т. д.\n\n4. **По способу оформления:**\n* Офлайн-займы (оформление в офисе кредитора).\n* Онлайн-займы (оформление через интернет).\n\nРассмотрим некоторые из этих видов подробнее.\n\n**Краткосрочные займы без процентов**\n\nКраткосрочные займы без процентов часто предоставляются МФО и другими финансовыми организациями. Они могут быть полезны в ситуациях, когда вам нужно быстро получить небольшую сумму денег на короткий срок, например, на покупку товаров или оплату услуг.\n\nУсловия таких займов могут варьироваться в зависимости от кредитора, но обычно они включают следующие особенности:\n* Сумма займа: от нескольких тысяч до нескольких десятков тысяч рублей.\n* Срок займа: от нескольких дней до нескольких недель.\n* Отсутствие процентов: заёмщик не платит проценты за пользование средствами.\n* Дополнительные расходы: могут включать комиссии, сборы и другие платежи.\n\nПри оформлении такого займа важно внимательно изучить условия договора и убедиться, что вы сможете вернуть займ в срок. В противном случае вы можете столкнуться с дополнительными расходами и ухудшением кредитной истории.\n\n**Среднесрочные и долгосрочные займы без процентов**\n\nСреднесрочные и долгосрочные займы без процентов могут быть предоставлены банками и другими финансовыми организациями. Они могут быть полезны для решения более крупных финансовых задач, таких как покупка недвижимости, ремонт квартиры, развитие бизнеса и т. д.\n\nУсловия таких займов также могут варьироваться в зависимости от кредитора, но обычно они включают следующие особенности:\n* Сумма займа: от нескольких десятков тысяч до нескольких миллионов рублей.\n* Срок займа: от нескольких месяцев до нескольких лет.\n* Отсутствие процентов: заёмщик не платит проценты за пользование средствами.\n* Дополнительные расходы: могут включать комиссии, сборы и другие платежи.\n\nПри оформлении такого займа также важно внимательно изучить условия договора и убедиться, что вы сможете вернуть займ в срок. Кроме того, стоит учесть, что такие займы могут иметь более строгие требования к заёмщику, такие как наличие постоянного дохода, хорошая кредитная история и т. д.\n\n**Займы без процентов от банков**\n\nБанки также могут предоставлять займы без процентов, но такие предложения встречаются реже, чем у МФО. Условия таких займов могут быть более выгодными, но и требования к заёмщику могут быть строже.\n\nПримеры займов без процентов от банков:\n* Кредитные карты с беспроцентным периодом. Некоторые банки предлагают кредитные карты с беспроцентным периодом, в течение которого заёмщик может пользоваться средствами без уплаты процентов. Однако после окончания беспроцентного периода проценты могут начисляться по более высокой ставке.\n* Кредиты с нулевой ставкой. Некоторые банки могут предлагать кредиты с нулевой ставкой на определённый срок, например, на первый год кредита. Однако после окончания этого срока ставка может увеличиться.\n\nПри оформлении займа без процентов от банка важно внимательно изучить условия договора и убедиться, что вы понимаете все возможные расходы и требования к заёмщику.\n\n**Займы без процентов от МФО**\n\nМФО часто предлагают займы без процентов как способ привлечения клиентов. Условия таких займов могут быть менее строгими, чем у банков, но и дополнительные расходы могут быть выше.\n\nПримеры займов без процентов от МФО:\n* Займы на первый займ. Некоторые МФО предлагают первый займ без процентов для новых клиентов. Однако условия таких займов могут быть ограничены, например, суммой займа или сроком его возврата.\n* Займы с отсрочкой платежа. Некоторые МФО могут предлагать займы с отсрочкой платежа, в течение которого заёмщик не платит проценты. Однако после окончания отсрочки проценты могут начисляться по более высокой ставке.\n\nПри оформлении займа без процентов от МФО также важно внимательно изучить условия договора и убедиться, что вы понимаете все возможные расходы и требования к заёмщику.\n\n**Как получить займ без процентов?**\n\nЧтобы получить займ без процентов, необходимо выполнить следующие шаги:\n1. Выбрать кредитора. Определитесь, какой вид займа вам нужен (краткосрочный, среднесрочный или долгосрочный), и выберите кредитора, который предлагает такие займы.\n2. Изучить условия договора. Внимательно прочитайте условия договора, чтобы понять все возможные расходы, требования к заёмщику и сроки возврата займа.\n3. Подготовить необходимые документы. В зависимости от кредитора вам может потребоваться предоставить паспорт, справку о доходах, трудовую книжку и другие документы.\n4. Оформить заявку на займ. Заполните заявку на займ на сайте кредитора или в его офисе.\n5. Дождаться решения кредитора. Кредитор рассмотрит вашу заявку и примет решение о предоставлении займа.\n6. Получить займ. Если кредитор одобрит вашу заявку, вы получите займ на указанный счёт или карту.\n\n**На что обратить внимание при выборе займа без процентов?**\n\nПри выборе займа без процентов обратите внимание на следующие аспекты:\n* Сумма займа. Убедитесь, что сумма займа соответствует вашим потребностям.\n* Срок займа. Убедитесь, что срок займа позволяет вам вернуть займ в срок.\n* Дополнительные расходы. Внимательно изучите условия договора и убедитесь, что вы понимаете все возможные расходы, такие как комиссии, сборы и другие платежи.\n* Требования к заёмщику. Убедитесь, что вы соответствуете требованиям кредитора, таким как возраст, доход, кредитная история и т. д.\n* Условия досрочного погашения. Узнайте, можно ли досрочно погасить займ без штрафов и комиссий.\n\n**Законодательство РФ о займах без процентов**\n\nВ России законодательство регулирует деятельность финансовых организаций, предоставляющих займы. Основные законы, регулирующие эту сферу, включают:\n* Федеральный закон «О микрофинансовой деятельности и микрофинансовых организациях». Этот закон регулирует деятельность МФО и устанавливает требования к их деятельности.\n* Федеральный закон «О потребительском кредите (займе)». Этот закон регулирует отношения между кредиторами и заёмщиками при предоставлении потребительских кредитов (займов).\n\nЭти законы устанавливают требования к кредиторам, условия предоставления займов, права и обязанности заёмщиков и другие аспекты. Перед оформлением займа важно ознакомиться с этими законами и убедиться, что кредитор соблюдает все требования законодательства.\n\n**Заключение**\n\nЗаймы без процентов могут быть полезным инструментом для решения различных финансовых задач. Однако перед оформлением такого займа важно внимательно изучить условия договора, убедиться, что вы понимаете все возможные расходы и требования к заёмщику, и выбрать надёжного кредитора.\n\nЕсли вы ищете выгодные условия займа, рекомендуем посетить сайт Космозайм (kosmozaim.ru). Здесь вы найдёте информацию о различных видах займов, условиях их предоставления и требованиях к заёмщикам. Космозайм поможет вам выбрать оптимальный вариант займа и получить необходимую финансовую поддержку.', 'Займ без процентов | Космозайм', 'В современном мире финансовые услуги становятся всё более доступными, и многие люди обращаются за займами без процентов для решения различных задач. ', '/images/articles/article-1784711917468.jpeg', 1, '2026-07-22 09:18:37', '2026-07-22 07:00:03'),
(14, 'Как улучшить шансы на одобрение займа', 'kak-uluchshit-shansy-na-odobrenie-zayma-1784714226660', 'Получение займа — это важный шаг для многих людей, которые хотят решить финансовые вопросы или реализовать свои планы. Однако не всегда удаётся получить одобрение от банка или другой финансовой органи...', 'Как улучшить шансы на одобрение займа\n\nПолучение займа — это важный шаг для многих людей, которые хотят решить финансовые вопросы или реализовать свои планы. Однако не всегда удаётся получить одобрение от банка или другой финансовой организации. В этой статье мы рассмотрим, как можно улучшить свои шансы на одобрение займа.\n\nПочему отказывают в займах\n\nПрежде чем говорить о том, как улучшить шансы на одобрение займа, стоит понять, почему банки и другие финансовые организации могут отказать в выдаче кредита. Основные причины отказов включают:\n\n Плохая кредитная история. Если у заёмщика были просрочки по платежам или другие нарушения условий кредитного договора в прошлом, это может негативно сказаться на его кредитной истории. Банки и другие финансовые организации проверяют кредитную историю заёмщика перед тем, как принять решение о выдаче кредита.\n Низкий доход. Если доход заёмщика недостаточно высок, чтобы покрыть ежемесячные платежи по кредиту, банк может отказать в выдаче займа.\n Отсутствие официального трудоустройства. Банки предпочитают выдавать кредиты тем, кто имеет официальное трудоустройство и стабильный доход.\n Неправильный подход к подаче заявки. Ошибки в заполнении анкеты, неполные данные или несоответствие информации могут привести к отказу в выдаче кредита.\n\nКак улучшить кредитную историю\n\nКредитная история — это один из важнейших факторов, который влияет на решение банка о выдаче кредита. Если у вас есть просрочки по платежам или другие нарушения, это может снизить ваши шансы на одобрение займа. Вот несколько советов, как улучшить кредитную историю:\n\n1. Своевременно вносите платежи по текущим кредитам. Это поможет вам избежать новых просрочек и улучшить свою кредитную историю.\n2. Закрывайте просроченные кредиты. Если у вас есть кредиты с просрочками, постарайтесь как можно скорее закрыть их. Это покажет банку, что вы готовы выполнять свои обязательства.\n3. Используйте кредитные карты ответственно. Если у вас есть кредитные карты, используйте их ответственно. Не допускайте просрочек по платежам и старайтесь не превышать кредитный лимит.\n4. Следите за своей кредитной историей. Регулярно проверяйте свою кредитную историю на наличие ошибок или недостоверной информации. Если вы найдёте ошибки, обратитесь в банк или бюро кредитных историй, чтобы их исправить.\n5. Не берите слишком много кредитов. Если у вас уже есть несколько кредитов, не берите новые, пока не закроете старые. Это может негативно сказаться на вашей кредитной истории.\n\nКак повысить свой доход\n\nВысокий доход — это ещё один важный фактор, который влияет на решение банка о выдаче кредита. Если ваш доход недостаточно высок, чтобы покрыть ежемесячные платежи по кредиту, банк может отказать в выдаче займа. Вот несколько советов, как повысить свой доход:\n\n1. Найдите дополнительную работу. Если у вас есть возможность, найдите дополнительную работу или подработку. Это поможет вам увеличить свой доход и улучшить шансы на одобрение займа.\n2. Повысьте свою квалификацию. Если вы хотите повысить свой доход, подумайте о том, чтобы повысить свою квалификацию или получить новое образование. Это может помочь вам найти работу с более высокой зарплатой.\n3. Оптимизируйте свои расходы. Проанализируйте свои расходы и найдите возможности для их оптимизации. Это поможет вам сэкономить деньги и увеличить свой доход.\n4. Инвестируйте в своё образование и развитие. Если вы инвестируете в своё образование и развитие, это может помочь вам найти работу с более высокой зарплатой в будущем.\n\nКак правильно подать заявку на кредит\n\nПодача заявки на кредит — это важный шаг, который может повлиять на решение банка о выдаче займа. Вот несколько советов, как правильно подать заявку на кредит:\n\n1. Выберите правильный банк. Перед тем как подать заявку на кредит, выберите банк, который предлагает выгодные условия кредитования. Сравните процентные ставки, сроки и другие условия кредитования в разных банках.\n2. Подготовьте все необходимые документы. Перед подачей заявки на кредит подготовьте все необходимые документы, такие как паспорт, справка о доходах, копия трудовой книжки и т. д.\n3. Заполните анкету правильно. Внимательно заполните анкету на кредит, указав все необходимые данные. Проверьте, чтобы все данные были верными и актуальными.\n4. Укажите достоверную информацию. Не указывайте недостоверную информацию в анкете на кредит. Это может привести к отказу в выдаче займа.\n5. Будьте готовы ответить на вопросы банка. Банк может задать вам дополнительные вопросы о вашей работе, доходах, расходах и т. д. Будьте готовы ответить на эти вопросы честно и подробно.\n\nСоветы по улучшению шансов на одобрение займа\n\nВот несколько дополнительных советов, которые могут помочь вам улучшить шансы на одобрение займа:\n\n Имейте стабильный доход. Банки предпочитают выдавать кредиты тем, кто имеет стабильный доход. Если ваш доход нестабилен, постарайтесь найти работу с более стабильным доходом.\n Имейте официальное трудоустройство. Банки предпочитают выдавать кредиты тем, кто имеет официальное трудоустройство. Если у вас нет официального трудоустройства, подумайте о том, чтобы найти работу с официальным трудоустройством.\n Не берите кредиты в микрофинансовых организациях. Микрофинансовые организации часто предлагают кредиты с высокими процентными ставками и жёсткими условиями. Если вы возьмёте кредит в микрофинансовой организации, это может негативно сказаться на вашей кредитной истории.\n Не допускайте ошибок в анкете. Ошибки в анкете могут привести к отказу в выдаче кредита. Внимательно проверяйте все данные, которые вы указываете в анкете.\n Следите за изменениями в законодательстве. Законодательство о кредитовании может меняться со временем. Следите за изменениями в законодательстве, чтобы быть в курсе последних требований и условий кредитования.\n\nЗаключение\n\nУлучшение шансов на одобрение займа требует времени и усилий. Однако если вы будете следовать советам, которые мы рассмотрели в этой статье, вы сможете повысить свои шансы на получение кредита. Помните, что каждый банк имеет свои требования и условия кредитования, поэтому перед подачей заявки на кредит изучите требования выбранного банка и подготовьте все необходимые документы.\n\nНа сайте Космозайм (kosmozaim.ru) вы можете сравнить предложения различных банков и выбрать наиболее выгодное для себя.', 'Как улучшить шансы на одобрение займа | Космозайм', 'Получение займа — это важный шаг для многих людей, которые хотят улучшить шансы на одобрение займа и реализовать свои планы. ', '/images/articles/article-1784714226654.jpeg', 1, '2026-07-22 09:57:06', '2026-07-22 06:59:13');
INSERT INTO `articles` (`id`, `title`, `slug`, `excerpt`, `content`, `meta_title`, `meta_description`, `cover_image`, `is_published`, `created_at`, `updated_at`) VALUES
(15, 'Займ наличными', 'zaym-nalichnymi-1784715388355', 'В современном мире финансовые потребности могут возникнуть неожиданно, и не всегда есть возможность покрыть их за счёт собственных средств. В таких случаях многие люди обращаются за помощью к финансов...', 'Займ наличными: особенности, виды и советы по выбору\n\nВ современном мире финансовые потребности могут возникнуть неожиданно, и не всегда есть возможность покрыть их за счёт собственных средств. В таких случаях многие люди обращаются за помощью к финансовым организациям, предлагающим займы наличными. В этой статье мы рассмотрим, что такое займ наличными, какие виды займов существуют, как выбрать наиболее выгодный вариант и на что обратить внимание при оформлении займа.\n\nЧто такое займ наличными?\n\nЗайм наличными — это финансовая услуга, предоставляемая банками и другими финансовыми организациями, которая позволяет получить определённую сумму денег на руки. Заёмщик обязуется вернуть полученную сумму в установленные сроки, а также выплатить проценты за пользование кредитом.\n\nЗаймы наличными могут быть предоставлены как физическим лицам, так и индивидуальным предпринимателям и юридическим лицам. Они могут использоваться для различных целей, таких как покупка товаров и услуг, оплата долгов, ремонт жилья и т. д.\n\nВиды займов наличными\n\nСуществует несколько видов займов наличными, которые различаются по условиям предоставления, процентным ставкам, срокам и другим параметрам. Рассмотрим основные виды займов:\n\n1. Потребительские займы. Это наиболее распространённый вид займов, который предоставляется физическим лицам для удовлетворения личных потребностей. Потребительские займы могут быть использованы для покупки бытовой техники, электроники, мебели, ремонта жилья и т. д. Процентные ставки по потребительским займам обычно выше, чем по другим видам займов, но они также могут быть более доступными для заёмщиков с низким кредитным рейтингом.\n\n2. Ипотечные займы. Ипотечный займ предоставляется для покупки недвижимости. Он имеет более низкие процентные ставки, чем потребительские займы, но требует более тщательной проверки кредитоспособности заёмщика. Ипотечные займы обычно предоставляются на длительный срок, что позволяет заёмщику выплачивать долг постепенно.\n\n3. Автокредиты. Автокредит предоставляется для покупки автомобиля. Он также имеет более низкие процентные ставки, чем потребительские займы, но требует залога в виде приобретаемого автомобиля. Автокредиты обычно предоставляются на срок от 1 до 5 лет.\n\n4. Кредитные карты. Кредитная карта позволяет заёмщику пользоваться кредитом в пределах установленного лимита. Кредитные карты могут быть использованы для оплаты товаров и услуг, снятия наличных и перевода денег. Процентные ставки по кредитным картам обычно выше, чем по другим видам займов, но они также предоставляют заёмщику гибкость в использовании кредита.\n\n5. Микрозаймы. Микрозаймы — это краткосрочные займы, предоставляемые микрофинансовыми организациями. Они обычно имеют высокие процентные ставки, но могут быть получены быстро и без большого количества документов. Микрозаймы могут быть использованы для покрытия непредвиденных расходов или для решения временных финансовых трудностей.\n\nКак выбрать наиболее выгодный займ?\n\nВыбор наиболее выгодного займа зависит от нескольких факторов, таких как процентная ставка, срок займа, сумма займа, наличие дополнительных услуг и комиссий. Рассмотрим основные факторы, которые следует учитывать при выборе займа:\n\n Процентная ставка. Процентная ставка — это плата за пользование кредитом. Чем ниже процентная ставка, тем меньше будет переплата по займу. Однако процентная ставка может зависеть от суммы займа, срока займа и кредитной истории заёмщика.\n Срок займа. Срок займа — это период времени, в течение которого заёмщик должен вернуть полученную сумму. Чем дольше срок займа, тем меньше будет ежемесячный платёж, но тем больше будет переплата по процентам.\n Сумма займа. Сумма займа — это сумма денег, которую заёмщик хочет получить. Чем больше сумма займа, тем выше будет процентная ставка и переплата по процентам.\n Дополнительные услуги и комиссии. Некоторые финансовые организации могут предлагать дополнительные услуги, такие как страхование жизни или здоровья, страхование имущества или другие услуги. Эти услуги могут увеличить общую стоимость займа. Также некоторые финансовые организации могут взимать комиссии за выдачу займа, за обслуживание счёта или за досрочное погашение займа.\n\nЧтобы выбрать наиболее выгодный займ, необходимо сравнить условия разных финансовых организаций и выбрать тот займ, который соответствует вашим потребностям и возможностям.\n\nСоветы по выбору займа\n\nПри выборе займа следует учитывать следующие советы:\n\n Изучите условия займа. Перед оформлением займа внимательно изучите условия займа, включая процентную ставку, срок займа, сумму займа, дополнительные услуги и комиссии.\n Сравните условия разных займов. Сравните условия разных займов от разных финансовых организаций, чтобы выбрать наиболее выгодный вариант.\n Проверьте репутацию финансовой организации. Перед оформлением займа проверьте репутацию финансовой организации, чтобы убедиться в её надёжности и добросовестности.\n Ознакомьтесь с отзывами других заёмщиков. Ознакомьтесь с отзывами других заёмщиков о финансовой организации, чтобы узнать о их опыте оформления и погашения займа.\n Рассчитайте ежемесячный платёж. Рассчитайте ежемесячный платёж по займу, чтобы убедиться, что вы сможете его выплачивать.\n Учтите свои финансовые возможности. Учтите свои финансовые возможности и способность выплачивать займ в установленные сроки.\n\nЗаконодательство РФ о займах\n\nВ России законодательство о займах регулируется Федеральным законом «О потребительском кредите (займе)» от 21.12.2013 № 353-ФЗ. Этот закон устанавливает права и обязанности заёмщиков и кредиторов, а также регулирует условия предоставления и погашения займов.\n\nСогласно этому закону, кредиторы обязаны предоставлять заёмщикам полную и достоверную информацию о условиях займа, включая процентную ставку, сроки, суммы и дополнительные услуги. Заёмщики имеют право на получение информации о условиях займа, на отказ от дополнительных услуг и на досрочное погашение займа.\n\nТакже закон устанавливает ответственность кредиторов за нарушение условий займа и прав заёмщиков. В случае нарушения условий займа кредиторы могут быть привлечены к ответственности в соответствии с законодательством РФ.\n\nЗаключение\n\nЗаймы наличными — это удобный способ получить необходимую сумму денег для решения финансовых проблем. Однако перед оформлением займа необходимо тщательно изучить условия займа, сравнить условия разных займов и учесть свои финансовые возможности.\n\nНа сайте Космозайм вы можете сравнить предложения различных финансовых организаций и выбрать наиболее выгодный займ для вас. Мы предлагаем широкий выбор займов с различными условиями и процентными ставками, чтобы помочь вам найти наилучший вариант для ваших потребностей.', 'Займ наличными | Космозайм', 'В современном мире финансовые потребности могут возникнуть неожиданно, и не всегда есть возможность покрыть их за счёт собственных средств. В таких случаях', '/images/articles/article-1784715388349.jpeg', 1, '2026-07-22 10:16:28', '2026-07-22 07:20:12'),
(16, 'Займы на карту мгновенно: как это работает', 'zaymy-na-kartu-mgnovenno-kak-eto-rabotaet-1784720078580', 'В современном мире, где время — деньги, многие люди ищут быстрые и удобные способы получения финансовых средств. Займы на карту мгновенно становятся всё более популярным решением для тех, кто нуждаетс...', 'Займы на карту мгновенно: как это работает\n\nВ современном мире, где время — деньги, многие люди ищут быстрые и удобные способы получения финансовых средств. Займы на карту мгновенно становятся всё более популярным решением для тех, кто нуждается в небольшой сумме денег на короткий срок. В этой статье мы рассмотрим, как работают такие займы, какие условия предлагают микрофинансовые организации (МФО), и дадим практические советы по их получению.\n\nЧто такое займы на карту мгновенно?\n\nЗаймы на карту мгновенно — это краткосрочные кредиты, которые выдаются МФО физическим лицам. Они предназначены для решения временных финансовых трудностей и обычно предоставляются на срок от нескольких дней до нескольких месяцев. Такие займы отличаются простотой оформления и быстрым переводом средств на банковскую карту клиента.\n\nОсновные характеристики займов на карту:\n Сумма займа: от нескольких тысяч до нескольких десятков тысяч рублей.\n Срок займа: от нескольких дней до нескольких месяцев.\n Процентная ставка: зависит от условий МФО и может варьироваться в широких пределах.\n Способ получения: перевод на банковскую карту.\n\nКак работают займы на карту?\n\nПроцесс получения займа на карту мгновенно обычно состоит из нескольких этапов:\n1. Клиент подаёт заявку на займ через сайт МФО или мобильное приложение.\n2. МФО проводит проверку кредитоспособности клиента, анализируя его кредитную историю, доходы и другие финансовые показатели.\n3. Если заявка одобрена, МФО переводит средства на банковскую карту клиента.\n4. Клиент обязан вернуть займ в установленный срок, включая проценты и комиссии.\n\nВажно отметить, что условия займов могут различаться в зависимости от МФО. Поэтому перед подачей заявки на займ необходимо тщательно изучить условия и выбрать наиболее выгодный вариант.\n\nУсловия займов на карту\n\nУсловия займов на карту могут варьироваться в зависимости от МФО и конкретного продукта. Основные условия, на которые следует обратить внимание при выборе займа:\n Сумма займа: максимальная сумма, которую можно получить взаймы.\n Срок займа: период, на который предоставляется займ.\n Процентная ставка: процент, который начисляется на сумму займа за определённый период времени.\n Комиссии: дополнительные платежи, которые могут взиматься МФО за предоставление займа.\n Требования к заёмщику: возраст, гражданство, место жительства и другие требования, которые предъявляются к заёмщикам.\n\nНапример, некоторые МФО могут предлагать займы без процентов на первый займ или с низкой процентной ставкой для новых клиентов. Однако такие предложения могут иметь свои ограничения и требования.\n\nПреимущества и недостатки займов на карту\n\nЗаймы на карту имеют свои преимущества и недостатки, которые следует учитывать при выборе такого вида кредита.\n\nПреимущества:\n Быстрое получение средств: займы на карту выдаются мгновенно после одобрения заявки.\n Простота оформления: для получения займа достаточно заполнить онлайн-заявку на сайте МФО.\n Небольшие суммы: займы на карту обычно предоставляются в небольших суммах, что позволяет решить временные финансовые трудности.\n\nНедостатки:\n Высокие процентные ставки: процентные ставки по займам на карту могут быть выше, чем по традиционным кредитам.\n Риски просроченной задолженности: несвоевременное погашение займа может привести к начислению штрафов и ухудшению кредитной истории.\n Возможность попадания в долговую яму: при неконтролируемом использовании займов на карту существует риск накопления долгов и ухудшения финансового положения.\n\nПрактические советы по получению займа на карту\n\nЧтобы получить займ на карту мгновенно, необходимо следовать нескольким простым советам:\n1. Изучите условия различных МФО и выберите наиболее выгодный вариант.\n2. Подготовьте необходимые документы: паспорт, СНИЛС, ИНН и другие документы, которые могут потребоваться МФО.\n3. Заполните онлайн-заявку на сайте МФО или мобильном приложении.\n4. Дождитесь одобрения заявки и перевода средств на вашу банковскую карту.\n5. Верните займ в установленный срок, чтобы избежать штрафов и ухудшения кредитной истории.\n\nТакже важно помнить о рисках, связанных с займами на карту. Прежде чем брать займ, оцените свою способность вернуть его в срок и не попасть в долговую яму.\n\nЗаконодательство РФ о займах на карту\n\nВ России деятельность МФО регулируется Федеральным законом «О микрофинансовой деятельности и микрофинансовых организациях». Этот закон устанавливает требования к МФО, условия предоставления займов и права заёмщиков.\n\nСогласно закону, МФО обязаны предоставлять заёмщикам полную информацию об условиях займа, включая процентную ставку, комиссии и сроки погашения. Заёмщики, в свою очередь, обязаны своевременно погашать займы и соблюдать условия договора.\n\nЗаключение\n\nЗаймы на карту мгновенно — это удобный и быстрый способ получения финансовых средств в случае временных трудностей. Однако перед тем как брать такой займ, необходимо тщательно изучить условия и выбрать наиболее выгодный вариант. Также важно помнить о рисках и ответственно подходить к погашению займа.\n\nНа сайте Космозайм вы можете сравнить предложения различных МФО и выбрать наиболее подходящий вариант займа на карту. Это поможет вам принять взвешенное решение и избежать нежелательных последствий.', 'Займы на карту мгновенно: как это работает | Космозайм', 'В современном мире, где время — деньги, многие люди ищут быстрые и удобные способы получения финансовых средств. Займы на карту мгновенно становятся всё бо', '/images/articles/article-1784720078573.jpeg', 1, '2026-07-22 11:34:38', '2026-07-22 08:38:17'),
(17, 'Займы студентам: как получить деньги на учёбу', 'zaymy-studentam-kak-poluchit-den-gi-na-uchyobu-1784720148112', 'Получение высшего образования — это важный шаг в жизни каждого человека. Однако учёба в вузе или колледже может быть связана с определёнными финансовыми трудностями. Студентам часто не хватает средств...', 'Займы студентам: как получить деньги на учёбу\n\nПолучение высшего образования — это важный шаг в жизни каждого человека. Однако учёба в вузе или колледже может быть связана с определёнными финансовыми трудностями. Студентам часто не хватает средств на оплату обучения, покупку учебников и учебных материалов, а также на повседневные расходы. В таких случаях многие задумываются о возможности получения займа.\n\nКакие займы доступны студентам?\n\nНа сегодняшний день существует несколько вариантов займов, которые могут быть доступны студентам:\n\n1. Банковские кредиты. Некоторые банки предлагают специальные программы кредитования для студентов. Такие кредиты могут быть целевыми (например, на оплату обучения) или нецелевыми (на любые нужды).\n\n2. Микрозаймы. Микрофинансовые организации (МФО) также предлагают займы студентам. Однако такие займы обычно имеют более высокие процентные ставки и короткие сроки погашения.\n\n3. Займы от частных лиц. Некоторые частные лица готовы предоставить займы студентам на различных условиях. Однако такие сделки могут быть рискованными и требуют тщательного подхода.\n\n4. Государственные программы поддержки. В некоторых случаях студенты могут претендовать на государственные программы поддержки, такие как стипендии, гранты или субсидии.\n\nКак выбрать подходящий займ?\n\nПри выборе займа студенту важно учитывать несколько факторов:\nПроцентная ставка. Чем ниже процентная ставка, тем меньше переплата по займу. Однако низкие ставки могут быть доступны только при определённых условиях (например, при наличии поручителя или залога).\nСрок погашения. Чем дольше срок погашения, тем меньше ежемесячный платёж. Однако длительный срок погашения может привести к увеличению общей переплаты по займу.\nТребования к заёмщику. Банки и МФО могут предъявлять различные требования к заёмщикам, такие как возраст, гражданство, место жительства и т. д.\nДополнительные условия. Некоторые кредиторы могут предлагать дополнительные условия, такие как страхование жизни или здоровья, которое может увеличить стоимость займа.\n\nПошаговая инструкция по получению займа\n\n1. Определите свои потребности. Прежде чем обращаться за займом, необходимо определить, сколько денег вам нужно и на какие цели. Это поможет выбрать наиболее подходящий вид займа и кредитора.\n\n2. Изучите условия кредитования. Сравните условия кредитования у разных кредиторов, чтобы выбрать наиболее выгодные. Обратите внимание на процентную ставку, срок погашения, требования к заёмщику и дополнительные условия.\n\n3. Подготовьте необходимые документы. Для оформления займа вам понадобятся паспорт, справка о доходах (если требуется), справка о стипендии или другие документы, подтверждающие ваш доход.\n\n4. Подайте заявку на займ. Вы можете подать заявку на займ онлайн или в отделении банка или МФО. В заявке укажите необходимую сумму, срок погашения и цель займа.\n\n5. Дождитесь решения кредитора. Кредитор рассмотрит вашу заявку и примет решение о выдаче займа. Если заявка одобрена, вам будет предложено подписать договор.\n\n6. Подпишите договор и получите деньги. После подписания договора деньги будут перечислены на ваш счёт.\n\nСоветы по управлению долгом\n\nЧтобы избежать проблем с погашением займа, следуйте этим советам:\nПланируйте свой бюджет. Составьте план расходов и доходов, чтобы контролировать свои финансы.\nНе берите больше, чем нужно. Старайтесь брать займы только на необходимые расходы.\nСледите за сроками погашения. Не пропускайте сроки погашения, чтобы избежать штрафов и пеней.\nОбратитесь за помощью, если возникли трудности. Если у вас возникли трудности с погашением займа, обратитесь к кредитору за консультацией.\n\nЗаконодательство РФ о займах\n\nВ России существует законодательство, регулирующее отношения между кредиторами и заёмщиками. Основные законы, которые следует учитывать при получении займа:\nГражданский кодекс РФ. Определяет основные принципы кредитования и права заёмщиков.\nЗакон «О потребительском кредите (займе)». Регулирует отношения между кредиторами и потребителями (заёмщиками).\nЗакон «О микрофинансовой деятельности и микрофинансовых организациях». Регулирует деятельность МФО и их отношения с заёмщиками.\n\nПеред оформлением займа рекомендуется ознакомиться с этими законами, чтобы понимать свои права и обязанности.\n\nГде сравнить предложения?\n\nЕсли вы хотите сравнить предложения по займам для студентов, посетите сайт Космозайм (kosmozaim.ru). На сайте вы найдёте информацию о различных предложениях, сможете сравнить условия кредитования и выбрать наиболее подходящий вариант.\n\nПолучение займа — это серьёзный шаг, который требует тщательного подхода. Перед оформлением займа важно изучить условия кредитования, подготовить необходимые документы и составить план погашения. Следуя этим советам, вы сможете получить необходимую финансовую поддержку и успешно завершить обучение.', 'Займы студентам: как получить деньги на учёбу | Космозайм', 'Получение высшего образования — это важный шаг в жизни каждого человека. Однако учёба в вузе или колледже может быть связана с определёнными финансовыми тр', '', 1, '2026-07-22 11:35:48', '2026-07-22 08:38:07'),
(18, 'Чем отличается займ от кредита', 'chem-otlichaetsya-zaym-ot-kredita-1784743412844', 'В современном мире финансовые услуги становятся всё более разнообразными и доступными. Однако многие люди до сих пор не до конца понимают разницу между такими понятиями, как «займ» и «кредит». ', 'Чем отличается займ от кредита: подробное сравнение\n\nВ современном мире финансовые услуги становятся всё более разнообразными и доступными. Однако многие люди до сих пор не до конца понимают разницу между такими понятиями, как «займ» и «кредит». Хотя эти термины часто используются как синонимы, между ними есть существенные различия. В этой статье мы подробно рассмотрим, чем отличается займ от кредита, и дадим практические советы по выбору наиболее подходящего финансового продукта.\n\nОпределение и основные характеристики\n\nЗайм — это финансовая операция, при которой одна сторона (займодатель) передаёт другой стороне (заёмщику) деньги или другие ценности на условиях возвратности, платности и срочности. Займы могут предоставляться как физическими, так и юридическими лицами.\n\nКредит — это также финансовая операция, но она регулируется более строгими правилами и нормами. Кредит предоставляется исключительно кредитными организациями, имеющими лицензию Центрального банка РФ. Это могут быть банки, кредитные кооперативы и другие финансовые учреждения.\n\nОсновные характеристики займа и кредита:\n\n Субъекты. Займы могут предоставляться физическими и юридическими лицами, а кредиты — только кредитными организациями.\n Регулирование. Займы регулируются Гражданским кодексом РФ, а кредиты — ещё и Федеральным законом «О банках и банковской деятельности».\n Цель. Займы могут быть предоставлены на любые цели, а кредиты — на определённые цели, предусмотренные кредитным договором.\n Обеспечение. Займы могут быть как обеспеченными, так и необеспеченными, а кредиты чаще всего требуют обеспечения в виде залога или поручительства.\n\nВиды займов и кредитов\n\nСуществует множество видов займов и кредитов, которые отличаются по условиям предоставления, процентным ставкам, срокам и другим параметрам. Рассмотрим основные виды займов и кредитов, доступных в России.\n\nЗаймы:\n\n Микрозаймы — небольшие суммы, которые предоставляются на короткий срок. Они часто используются для покрытия непредвиденных расходов или решения временных финансовых трудностей.\n Потребительские займы — суммы, которые предоставляются на покупку товаров и услуг. Они могут быть как целевыми, так и нецелевыми.\n Ипотечные займы — суммы, которые предоставляются на покупку недвижимости. Они обычно имеют длительный срок и низкие процентные ставки.\n Автозаймы — суммы, которые предоставляются на покупку автомобиля. Они могут быть как целевыми, так и нецелевыми.\n\nКредиты:\n\n Потребительские кредиты — кредиты, которые предоставляются на приобретение товаров и услуг. Они могут быть как целевыми, так и нецелевыми.\n Ипотечные кредиты — кредиты, которые предоставляются на покупку недвижимости. Они обычно имеют длительный срок и низкие процентные ставки.\n Автокредиты — кредиты, которые предоставляются на покупку автомобиля. Они могут быть как целевыми, так и нецелевыми.\n Кредитные карты — кредитные продукты, которые позволяют совершать покупки и снимать наличные в пределах установленного кредитного лимита.\n\nУсловия предоставления\n\nУсловия предоставления займов и кредитов могут существенно различаться в зависимости от вида финансового продукта, кредитной организации и заёмщика. Рассмотрим основные условия предоставления займов и кредитов.\n\nПроцентные ставки\n\nПроцентные ставки по займам и кредитам могут быть фиксированными или переменными. Фиксированные процентные ставки остаются неизменными на протяжении всего срока кредита, а переменные могут меняться в зависимости от рыночных условий.\n\nПроцентные ставки по кредитам обычно ниже, чем по займам. Это связано с тем, что кредиты предоставляются кредитными организациями, которые имеют более строгие требования к заёмщикам и более высокие риски.\n\nСроки\n\nСроки предоставления займов и кредитов также могут различаться. Займы обычно предоставляются на более короткий срок, чем кредиты. Например, микрозаймы могут быть предоставлены на срок от нескольких дней до нескольких месяцев, а кредиты — на срок от нескольких месяцев до нескольких лет.\n\nОбеспечение\n\nЗаймы могут быть как обеспеченными, так и необеспеченными. Обеспеченные займы требуют предоставления залога или поручительства, а необеспеченные — нет.\n\nКредиты чаще всего требуют обеспечения в виде залога или поручительства. Это связано с тем, что кредитные организации имеют более высокие риски и требуют дополнительных гарантий возврата средств.\n\nТребования к заёмщикам\n\nТребования к заёмщикам по займам и кредитам также могут различаться. Для получения займа достаточно иметь паспорт и быть совершеннолетним. Для получения кредита необходимо соответствовать требованиям кредитной организации, которые могут включать возраст, место жительства, доход и кредитную историю.\n\nПреимущества и недостатки\n\nКаждый финансовый продукт имеет свои преимущества и недостатки. Рассмотрим основные преимущества и недостатки займов и кредитов.\n\nПреимущества займов:\n\n Быстрое получение средств. Займы можно получить в течение нескольких часов или дней.\n Минимальные требования к заёмщикам. Для получения займа достаточно иметь паспорт и быть совершеннолетним.\n Возможность получения средств без обеспечения. Некоторые займы можно получить без предоставления залога или поручительства.\n\nНедостатки займов:\n\n Высокие процентные ставки. Процентные ставки по займам обычно выше, чем по кредитам.\n Короткий срок предоставления. Займы обычно предоставляются на более короткий срок, чем кредиты.\n Риски невозврата средств. Займодатель может столкнуться с рисками невозврата средств, если заёмщик не сможет выполнить свои обязательства.\n\nПреимущества кредитов:\n\n Низкие процентные ставки. Процентные ставки по кредитам обычно ниже, чем по займам.\n Длительный срок предоставления. Кредиты обычно предоставляются на более длительный срок, чем займы.\n Возможность получения крупных сумм. Кредиты позволяют получить крупные суммы, которые могут быть использованы для решения различных финансовых задач.\n\nНедостатки кредитов:\n\n Строгие требования к заёмщикам. Для получения кредита необходимо соответствовать требованиям кредитной организации.\n Необходимость обеспечения. Кредиты чаще всего требуют обеспечения в виде залога или поручительства.\n Риск потери имущества. В случае невозврата кредита кредитная организация может изъять заложенное имущество.\n\nКак выбрать наиболее подходящий финансовый продукт\n\nВыбор наиболее подходящего финансового продукта зависит от целей заёмщика, его финансового положения и других факторов. Рассмотрим основные факторы, которые следует учитывать при выборе финансового продукта.\n\nЦели заёмщика\n\nПрежде всего, необходимо определить цели заёмщика. Если заёмщик хочет получить небольшую сумму на короткий срок для решения временных финансовых трудностей, то ему может подойти микрозайм. Если заёмщик хочет приобрести недвижимость или автомобиль, то ему может подойти ипотечный или автокредит.\n\nФинансовое положение\n\nНеобходимо оценить своё финансовое положение и определить, какой суммой он может располагать для погашения займа или кредита. Если у заёмщика стабильный доход и хорошая кредитная история, то он может претендовать на кредит с низкими процентными ставками и длительными сроками. Если у заёмщика нестабильный доход или плохая кредитная история, то ему может подойти займ с более высокими процентными ставками и короткими сроками.\n\nТребования кредитной организации\n\nНеобходимо изучить требования кредитной организации, которая предоставляет кредит. Требования могут включать возраст, место жительства, доход, кредитную историю и другие факторы. Если заёмщик не соответствует требованиям, то ему может быть отказано в кредите.\n\nСоветы по выбору финансового продукта\n\n Изучите условия предоставления займов и кредитов в разных кредитных организациях. Сравните процентные ставки, сроки, требования к заёмщикам и другие условия.\n Оцените своё финансовое положение и определите, какой суммой вы можете располагать для погашения займа или кредита.\n Обратитесь за консультацией к финансовому консультанту или специалисту по кредитам. Они помогут вам выбрать наиболее подходящий финансовый продукт и оформить все необходимые документы.\n\nНа сайте Космозайм вы можете сравнить предложения различных кредитных организаций и выбрать наиболее подходящий финансовый продукт. Мы предоставляем подробную информацию о условиях предоставления займов и кредитов, процентных ставках, сроках и других параметрах. Вы можете использовать наш сайт, чтобы найти наилучшее предложение и получить финансовую помощь в нужный момент.', 'Чем отличается займ от кредита | Космозайм', 'В современном мире финансовые услуги становятся всё более доступными. Однако многие люди до сих пор не до конца понимают чем отличается займ от кредита', '/images/articles/article-1784743412837.jpeg', 1, '2026-07-22 18:03:32', '2026-07-22 15:05:33'),
(19, 'Займ срочно', 'zaym-srochno-1784746516225', 'В современном мире финансовые трудности могут возникнуть неожиданно. Непредвиденные расходы, срочные платежи или просто нехватка средств до зарплаты — всё это ситуации, когда нужен быстрый доступ к де...', 'Займ срочно: как получить деньги быстро и без лишних хлопот\n\nВ современном мире финансовые трудности могут возникнуть неожиданно. Непредвиденные расходы, срочные платежи или просто нехватка средств до зарплаты — всё это ситуации, когда нужен быстрый доступ к деньгам. В таких случаях многие люди обращаются за займами. В этой статье мы рассмотрим, как можно получить займ срочно, какие условия предлагают различные финансовые учреждения и какие шаги нужно предпринять для оформления займа.\n\nЧто такое займ срочно?\n\nЗайм срочно — это краткосрочный кредит, который предоставляется на небольшой срок и обычно на небольшую сумму. Такие займы часто используются для покрытия непредвиденных расходов или для решения временных финансовых трудностей. Они могут быть предоставлены как банками, так и микрофинансовыми организациями (МФО).\n\nКак выбрать подходящий займ?\n\nПри выборе займа срочно важно учитывать несколько факторов:\n\n1. Сумма займа. Определите, какая сумма вам нужна. Учтите, что некоторые МФО могут ограничивать максимальную сумму займа в зависимости от вашей кредитной истории и других факторов.\n2. Срок займа. Решите, на какой срок вам нужен займ. Чем дольше срок, тем больше процентов вы заплатите, но ежемесячный платёж будет меньше.\n3. Процентная ставка. Сравните процентные ставки разных МФО. Обратите внимание на то, как рассчитывается процентная ставка — некоторые МФО могут указывать ставку за день, а не за год.\n4. Условия погашения. Узнайте, какие условия погашения предлагает МФО. Некоторые МФО могут требовать полного погашения займа в конце срока, а другие могут позволить выплачивать займ частями.\n5. Дополнительные условия. Обратите внимание на дополнительные условия, такие как штрафы за просрочку платежа, возможность досрочного погашения и т. д.\n\nГде можно получить займ срочно?\n\nСуществует несколько мест, где можно получить займ срочно:\n\n1. Банки. Банки предлагают различные виды кредитов, включая краткосрочные займы. Однако банки могут иметь более строгие требования к заёмщикам и более долгий процесс оформления займа.\n2. Микрофинансовые организации (МФО). МФО специализируются на предоставлении краткосрочных займов. Они обычно имеют более гибкие условия и более быстрый процесс оформления займа. Однако МФО могут иметь более высокие процентные ставки.\n3. Кредитные кооперативы. Кредитные кооперативы — это некоммерческие организации, которые предоставляют кредиты своим членам. Они могут иметь более низкие процентные ставки, но могут требовать членства или других условий.\n\nКак оформить займ срочно?\n\nДля оформления займа срочно вам потребуется предоставить некоторую информацию и документы. Вот основные шаги, которые нужно предпринять:\n\n1. Выберите МФО или банк. Решите, в какой организации вы хотите оформить займ. Сравните условия и выберите наиболее подходящий вариант.\n2. Подготовьте документы. Вам может потребоваться паспорт, ИНН, справка о доходах и другие документы. Уточните у выбранной организации, какие документы нужны.\n3. Заполните заявку. Заполните заявку на займ на сайте выбранной организации или в отделении. Укажите необходимую сумму, срок и другие условия.\n4. Дождитесь одобрения. После подачи заявки вам нужно будет дождаться одобрения от МФО или банка. Это может занять от нескольких минут до нескольких дней.\n5. Подпишите договор. Если ваша заявка одобрена, вам нужно будет подписать договор и получить деньги.\n\nКакие требования предъявляются к заёмщикам?\n\nТребования к заёмщикам могут различаться в зависимости от выбранной организации. Однако обычно МФО и банки требуют:\n\n Возраст от 18 лет;\n Наличие паспорта гражданина РФ;\n Постоянная регистрация в регионе присутствия МФО или банка;\n Доход, достаточный для погашения займа.\n\nНекоторые МФО могут также требовать наличие мобильного телефона и электронной почты.\n\nКакие риски связаны с займами срочно?\n\nХотя займы срочно могут быть полезным инструментом для решения временных финансовых трудностей, они также связаны с некоторыми рисками:\n\n1. Высокие процентные ставки. МФО могут иметь более высокие процентные ставки, чем банки. Это может привести к тому, что вы заплатите больше процентов за короткий срок.\n2. Просрочка платежа. Если вы не сможете вовремя погасить займ, это может привести к штрафам и ухудшению вашей кредитной истории.\n3. Долговая яма. Если вы будете брать займы срочно регулярно, это может привести к тому, что вы окажетесь в долговой яме и не сможете выбраться из неё.\n\nЧтобы избежать этих рисков, важно тщательно выбирать МФО или банк, сравнивать условия и внимательно читать договор.\n\nСоветы по получению займа срочно\n\nВот несколько советов, которые помогут вам получить займ срочно:\n\n1. Сравните условия разных МФО и банков. Не спешите выбирать первую попавшуюся организацию. Сравните условия, процентные ставки и дополнительные условия.\n2. Проверьте свою кредитную историю. Перед подачей заявки на займ проверьте свою кредитную историю. Если у вас есть просрочки или другие проблемы, это может повлиять на решение МФО или банка.\n3. Подготовьте все необходимые документы. Заранее подготовьте паспорт, ИНН, справку о доходах и другие документы, которые могут потребоваться.\n4. Внимательно читайте договор. Перед подписанием договора внимательно прочитайте все условия. Убедитесь, что вы понимаете все термины и условия.\n5. Планируйте погашение займа. Прежде чем брать займ, подумайте о том, как вы будете его погашать. Составьте план погашения и следите за ним.\n\nЗаключение\n\nЗаймы срочно могут быть полезным инструментом для решения временных финансовых трудностей. Однако важно тщательно выбирать МФО или банк, сравнивать условия и внимательно читать договор. Помните о рисках, связанных с высокими процентными ставками и просрочкой платежа.\n\nЕсли вы ищете выгодные условия займа, посетите сайт Космозайм (kosmozaim.ru). На сайте вы можете сравнить предложения от различных МФО и банков, выбрать наиболее подходящий вариант и оформить займ онлайн.', 'Займ срочно | Космозайм', 'В современном мире финансовые трудности могут возникнуть неожиданно. Непредвиденные расходы, срочные платежи или просто нехватка средств до зарплаты — всё ', '/images/articles/article-1784746516218.jpeg', 1, '2026-07-22 18:55:16', '2026-07-22 16:07:35');

-- --------------------------------------------------------

--
-- Структура таблицы `click_stats`
--

CREATE TABLE `click_stats` (
  `id` int(11) NOT NULL,
  `offer_id` int(11) NOT NULL,
  `clicked_at` timestamp NULL DEFAULT current_timestamp(),
  `user_agent` text DEFAULT NULL,
  `referer` text DEFAULT NULL
) ENGINE=InnoDB DEFAULT CHARSET=utf8mb4 COLLATE=utf8mb4_general_ci;

--
-- Дамп данных таблицы `click_stats`
--

INSERT INTO `click_stats` (`id`, `offer_id`, `clicked_at`, `user_agent`, `referer`) VALUES
(1, 2, '2026-07-21 20:26:15', 'Mozilla/5.0 (iPhone; CPU iPhone OS 13_2_3 like Mac OS X) AppleWebKit/605.1.15 (KHTML, like Gecko) Version/13.0.3 Mobile/15E148 Safari/604.1', ''),
(2, 3, '2026-07-21 20:27:22', 'Mozilla/5.0 (iPhone; CPU iPhone OS 18_7 like Mac OS X) AppleWebKit/605.1.15 (KHTML, like Gecko) Version/26.2 Mobile/15E148 Safari/604.1', ''),
(3, 4, '2026-07-21 20:36:37', 'Mozilla/5.0 (iPhone; CPU iPhone OS 13_2_3 like Mac OS X) AppleWebKit/605.1.15 (KHTML, like Gecko) Version/13.0.3 Mobile/15E148 Safari/604.1', ''),
(4, 3, '2026-07-21 21:16:17', 'Mozilla/5.0 (iPhone; CPU iPhone OS 13_2_3 like Mac OS X) AppleWebKit/605.1.15 (KHTML, like Gecko) Version/13.0.3 Mobile/15E148 Safari/604.1', ''),
(5, 1, '2026-07-21 21:25:17', 'Mozilla/5.0 (iPhone; CPU iPhone OS 13_2_3 like Mac OS X) AppleWebKit/605.1.15 (KHTML, like Gecko) Version/13.0.3 Mobile/15E148 Safari/604.1', ''),
(6, 3, '2026-07-22 02:38:42', 'Mozilla/5.0 (Windows NT 10.0; Win64; x64) AppleWebKit/537.36 (KHTML, like Gecko) Chrome/149.0.0.0 Safari/537.36 Edg/149.0.0.0', ''),
(7, 2, '2026-07-22 02:38:42', 'Mozilla/5.0 (Linux; Android 10; K) AppleWebKit/537.36 (KHTML, like Gecko) Chrome/149.0.0.0 Mobile Safari/537.36', ''),
(8, 1, '2026-07-22 02:38:43', 'Mozilla/5.0 (Macintosh; Intel Mac OS X 10.15; rv:152.0) Gecko/20100101 Firefox/152.0', ''),
(9, 3, '2026-07-22 02:39:40', 'Mozilla/5.0 (Linux; Android 14; 23021RAAEG) AppleWebKit/537.36 (KHTML, like Gecko) Chrome/149.0.0.0 Mobile Safari/537.36', ''),
(10, 2, '2026-07-22 02:39:40', 'Mozilla/5.0 (Linux; Android 14; SM-S921B) AppleWebKit/537.36 (KHTML, like Gecko) SamsungBrowser/27.0 Chrome/125.0.0.0 Mobile Safari/537.36', ''),
(11, 1, '2026-07-22 02:39:41', 'Mozilla/5.0 (Windows NT 10.0; Win64; x64) AppleWebKit/537.36 (KHTML, like Gecko) Chrome/150.0.0.0 Safari/537.36 Edg/150.0.0.0', ''),
(12, 4, '2026-07-22 05:43:17', 'Mozilla/5.0 (Linux; Android 12; Pixel 6) AppleWebKit/537.36 (KHTML, like Gecko) Chrome/114.0.0.0 Mobile Safari/537.36', ''),
(13, 2, '2026-07-22 05:43:17', 'Mozilla/5.0 (Linux; Android 12; Pixel 6) AppleWebKit/537.36 (KHTML, like Gecko) Chrome/114.0.0.0 Mobile Safari/537.36', ''),
(14, 3, '2026-07-22 05:43:17', 'Mozilla/5.0 (Linux; Android 12; Pixel 6) AppleWebKit/537.36 (KHTML, like Gecko) Chrome/114.0.0.0 Mobile Safari/537.36', ''),
(15, 1, '2026-07-22 05:43:17', 'Mozilla/5.0 (Linux; Android 12; Pixel 6) AppleWebKit/537.36 (KHTML, like Gecko) Chrome/114.0.0.0 Mobile Safari/537.36', ''),
(16, 1, '2026-07-22 05:43:18', 'Mozilla/5.0 (Linux; Android 12; Pixel 6) AppleWebKit/537.36 (KHTML, like Gecko) Chrome/114.0.0.0 Mobile Safari/537.36', ''),
(17, 2, '2026-07-22 05:43:18', 'Mozilla/5.0 (Linux; Android 12; Pixel 6) AppleWebKit/537.36 (KHTML, like Gecko) Chrome/114.0.0.0 Mobile Safari/537.36', ''),
(18, 4, '2026-07-22 05:43:18', 'Mozilla/5.0 (Linux; Android 12; Pixel 6) AppleWebKit/537.36 (KHTML, like Gecko) Chrome/114.0.0.0 Mobile Safari/537.36', ''),
(19, 3, '2026-07-22 05:43:19', 'Mozilla/5.0 (Linux; Android 12; Pixel 6) AppleWebKit/537.36 (KHTML, like Gecko) Chrome/114.0.0.0 Mobile Safari/537.36', ''),
(20, 3, '2026-07-22 18:51:31', 'Mozilla/5.0 (Windows NT 10.0; Win64; x64) AppleWebKit/537.36 (KHTML, like Gecko) Chrome/148.0.0.0 YaBrowser/26.6.0.0 Safari/537.36', ''),
(21, 3, '2026-07-23 00:31:24', 'Mozilla/5.0 (Macintosh; Intel Mac OS X 10_15_7) AppleWebKit/537.36 (KHTML, like Gecko) Chrome/150.0.0.0 Safari/537.36', ''),
(22, 2, '2026-07-23 00:31:24', 'Mozilla/5.0 (Linux; Android 15; SM-S928B) AppleWebKit/537.36 (KHTML, like Gecko) Chrome/150.0.0.0 Mobile Safari/537.36', ''),
(23, 1, '2026-07-23 00:31:24', 'Mozilla/5.0 (Windows NT 10.0; Win64; x64) AppleWebKit/537.36 (KHTML, like Gecko) Brave Chrome/150.0.0.0 Safari/537.36', ''),
(24, 1, '2026-07-23 00:31:34', 'Mozilla/5.0 (Windows NT 10.0; Win64; x64) AppleWebKit/537.36 (KHTML, like Gecko) Chrome/149.0.0.0 Safari/537.36', ''),
(25, 3, '2026-07-23 00:31:34', 'Mozilla/5.0 (Linux; Android 15; SM-S921B) AppleWebKit/537.36 (KHTML, like Gecko) Chrome/150.0.0.0 Mobile Safari/537.36', ''),
(26, 2, '2026-07-23 00:31:34', 'Mozilla/5.0 (Macintosh; Intel Mac OS X 10.15; rv:152.0) Gecko/20100101 Firefox/152.0', ''),
(27, 3, '2026-07-23 00:37:30', 'Mozilla/5.0 (Linux; Android 15; SM-S921B) AppleWebKit/537.36 (KHTML, like Gecko) Chrome/150.0.0.0 Mobile Safari/537.36', ''),
(28, 1, '2026-07-23 00:37:30', 'Mozilla/5.0 (Linux; Android 15; SM-S928B) AppleWebKit/537.36 (KHTML, like Gecko) Chrome/150.0.0.0 Mobile Safari/537.36', ''),
(29, 2, '2026-07-23 00:37:30', 'Mozilla/5.0 (Linux; Android 14; SM-S921B) AppleWebKit/537.36 (KHTML, like Gecko) SamsungBrowser/27.0 Chrome/125.0.0.0 Mobile Safari/537.36', ''),
(30, 3, '2026-07-23 00:37:40', 'Mozilla/5.0 (Windows NT 10.0; Win64; x64) AppleWebKit/537.36 (KHTML, like Gecko) Brave Chrome/150.0.0.0 Safari/537.36', ''),
(31, 2, '2026-07-23 00:37:40', 'Mozilla/5.0 (Windows NT 10.0; Win64; x64) AppleWebKit/537.36 (KHTML, like Gecko) Chrome/150.0.0.0 Safari/537.36 Edg/150.0.0.0', ''),
(32, 1, '2026-07-23 00:37:40', 'Mozilla/5.0 (Macintosh; Intel Mac OS X 10_15_7) AppleWebKit/537.36 (KHTML, like Gecko) Chrome/150.0.0.0 Safari/537.36', ''),
(33, 1, '2026-07-23 04:43:20', 'Mozilla/5.0 (Linux; Android 10; K) AppleWebKit/537.36 (KHTML, like Gecko) Chrome/149.0.0.0 Mobile Safari/537.36', ''),
(34, 2, '2026-07-23 04:43:20', 'Mozilla/5.0 (Macintosh; Intel Mac OS X 10.15; rv:152.0) Gecko/20100101 Firefox/152.0', ''),
(35, 3, '2026-07-23 04:43:20', 'Mozilla/5.0 (Windows NT 10.0; Win64; x64) AppleWebKit/537.36 (KHTML, like Gecko) Chrome/150.0.0.0 Safari/537.36', '');

-- --------------------------------------------------------

--
-- Структура таблицы `geo_redirects`
--

CREATE TABLE `geo_redirects` (
  `id` int(11) NOT NULL,
  `country_code` varchar(10) NOT NULL,
  `country_name` varchar(100) NOT NULL DEFAULT '',
  `redirect_url` text NOT NULL,
  `is_active` tinyint(1) NOT NULL DEFAULT 1,
  `created_at` timestamp NULL DEFAULT current_timestamp()
) ENGINE=InnoDB DEFAULT CHARSET=utf8mb4 COLLATE=utf8mb4_general_ci;

-- --------------------------------------------------------

--
-- Структура таблицы `offers`
--

CREATE TABLE `offers` (
  `id` int(11) NOT NULL,
  `title` varchar(255) NOT NULL,
  `slug` varchar(255) NOT NULL,
  `category` enum('microloans','credits','credit_cards','debit_cards') NOT NULL,
  `amount_min` int(11) NOT NULL DEFAULT 1000,
  `amount_max` int(11) NOT NULL DEFAULT 100000,
  `term_min_days` int(11) NOT NULL DEFAULT 1,
  `term_max_days` int(11) NOT NULL DEFAULT 365,
  `psk` decimal(6,2) NOT NULL DEFAULT 0.00,
  `rate` decimal(6,2) NOT NULL DEFAULT 0.00,
  `free_term_days` int(11) NOT NULL DEFAULT 0,
  `logo_url` text DEFAULT NULL,
  `affiliate_url` text NOT NULL,
  `borrower_category` enum('employed','unemployed','pensioner','student','self_employed','any') NOT NULL DEFAULT 'any',
  `description` text DEFAULT NULL,
  `seo_keywords` text DEFAULT NULL,
  `regions` text DEFAULT NULL,
  `rating` decimal(3,1) NOT NULL DEFAULT 0.0,
  `review_count` int(11) NOT NULL DEFAULT 0,
  `is_active` tinyint(1) NOT NULL DEFAULT 1,
  `sort_order` int(11) NOT NULL DEFAULT 0,
  `created_at` timestamp NULL DEFAULT current_timestamp(),
  `updated_at` timestamp NULL DEFAULT current_timestamp() ON UPDATE current_timestamp()
) ENGINE=InnoDB DEFAULT CHARSET=utf8mb4 COLLATE=utf8mb4_general_ci;

--
-- Дамп данных таблицы `offers`
--

INSERT INTO `offers` (`id`, `title`, `slug`, `category`, `amount_min`, `amount_max`, `term_min_days`, `term_max_days`, `psk`, `rate`, `free_term_days`, `logo_url`, `affiliate_url`, `borrower_category`, `description`, `seo_keywords`, `regions`, `rating`, `review_count`, `is_active`, `sort_order`, `created_at`, `updated_at`) VALUES
(1, 'Вебзайм', 'vebzaym-1784652197596', 'microloans', 3000, 100000, 7, 100, '292.00', '0.80', 14, '/images/offer/webzaim.svg', 'https://pxl.leads.su/click/7588a80882fc0991f52f502f555fad9f?source=kosmozaim&erid=2W5zFGjNpAL', 'any', 'Процентная ставка от 0% до 0,8 % в день. 0% на 1-й заем, при условии его погашения в течение 14 дней, в ином случае 0,8% в день с 1-го дня. ', '', '', '0.0', 0, 1, 3, '2026-07-21 16:43:17', '2026-07-22 06:28:38'),
(2, 'JoyMoney', 'joymoney-1784652794306', 'microloans', 3000, 30000, 10, 14, '292.00', '0.80', 14, '/images/offer/JoyMoney.svg', 'https://pxl.leads.su/click/fef2f880e5283742cfadf801cfbbe5ce?source=kosmozaim&erid=2W5zFK1Gnqv', 'any', 'Акция для новых клиентов: для займа погашенного в срок до 14 дней начисленные проценты списываются в полном объеме, от 15 дней ставка составит 0,8% в день за весь срок пользования займом.', '', '', '0.0', 0, 1, 2, '2026-07-21 16:53:14', '2026-07-22 06:28:38'),
(3, 'BunnyMoney', 'bunnymoney-1784653580212', 'microloans', 1000, 30000, 3, 31, '292.00', '0.80', 31, '/images/offer/BunnyMoney.svg', 'https://pxl.leads.su/click/bc564cf83b18c0e4770681c1ef45a19c?source=kosmozaim&erid=2W5zFHc6Gbz', 'any', 'Займ до 9 000 ₽ под 0% сроком от 10 до 31 дня для улучшению кредитного рейтинга при оформлении услуги «Кредитный рейтинг» за 1 699 ₽', 'займ онлайн, без подтверждения дохода, займ от 19 лет', '', '0.0', 0, 1, 1, '2026-07-21 17:06:20', '2026-07-22 06:28:38'),
(4, 'Webbankir', 'webbankir-1784655589265', 'microloans', 1000, 100000, 7, 180, '292.00', '0.80', 21, '/images/offer/Webbankirl.svg', 'https://pxl.leads.su/click/34d3d8b075871048e78919226f73f86b?source=kosmozaim&erid=2W5zFHrMC2D', 'any', '0% при первичном обращении для займа суммой до 30 000 ₽ и сроком до 21 дня', 'заем за несколько минут, займ онлайн, без подтверждения дохода', '', '5.0', 1, 1, 4, '2026-07-21 17:39:49', '2026-07-22 06:28:38');

-- --------------------------------------------------------

--
-- Структура таблицы `reviews`
--

CREATE TABLE `reviews` (
  `id` int(11) NOT NULL,
  `offer_id` int(11) NOT NULL,
  `author_name` varchar(100) NOT NULL,
  `rating` int(11) NOT NULL DEFAULT 5,
  `comment` text NOT NULL,
  `is_approved` tinyint(1) NOT NULL DEFAULT 0,
  `created_at` timestamp NULL DEFAULT current_timestamp()
) ENGINE=InnoDB DEFAULT CHARSET=utf8mb4 COLLATE=utf8mb4_general_ci;

--
-- Дамп данных таблицы `reviews`
--

INSERT INTO `reviews` (`id`, `offer_id`, `author_name`, `rating`, `comment`, `is_approved`, `created_at`) VALUES
(2, 4, 'Светлана', 5, 'Обращаюсь в Webbankir не впервые, и каждый раз подтверждается, что сервис работает честно и без уловок. В этот раз 12 июля через приложение Банки.ру оформляла новый займ. Выбирала из списка предложений, сравнивала условия — остановилась на Webbankir. Перешла на сайт компании, применила промокод, запросила 4 000 рублей на 30 дней.\n\nВ личном кабинете сразу увидела полную сумму к возврату — без скрытых услуг, без навязанных страховок и \"онлайн-докторов\". В других МФО часто пытаются подсунуть лишнее, а то и вовсе одобрить сумму в десять раз больше заявленной, чтобы потом клиент разбирался с новыми долгами. Здесь ничего такого не было: одобрили ровно ту сумму, которую я запросила, ни рублём больше.\n\nНа момент регистрации понадобился только паспорт. Оформление занимает буквально пару минут, деньги приходят на карту максимум через 5 минут после одобрения.\n\nСайт и приложение компании работают стабильно. Действует бонусная программа и промокоды. Приятно, когда попадается компания с понятными условиями и быстрым оформлением, а не та, где потом удивляешься долгам, которых не ждал.', 1, '2026-07-22 04:20:17');

-- --------------------------------------------------------

--
-- Структура таблицы `subscribers`
--

CREATE TABLE `subscribers` (
  `id` int(11) NOT NULL,
  `email` varchar(255) NOT NULL,
  `is_active` tinyint(1) NOT NULL DEFAULT 1,
  `subscribed_at` timestamp NULL DEFAULT current_timestamp()
) ENGINE=InnoDB DEFAULT CHARSET=utf8mb4 COLLATE=utf8mb4_general_ci;

--
-- Дамп данных таблицы `subscribers`
--

INSERT INTO `subscribers` (`id`, `email`, `is_active`, `subscribed_at`) VALUES
(1, 'porshevnikova90@inbox.ru', 1, '2026-07-21 16:58:14'),
(2, 'molochnichokolate@icloud.com', 1, '2026-07-21 17:52:45'),
(3, 'chanel.wehner22@goldenmarine.net', 1, '2026-07-22 20:36:35');

--
-- Индексы сохранённых таблиц
--

--
-- Индексы таблицы `admin_users`
--
ALTER TABLE `admin_users`
  ADD PRIMARY KEY (`id`),
  ADD UNIQUE KEY `username` (`username`);

--
-- Индексы таблицы `articles`
--
ALTER TABLE `articles`
  ADD PRIMARY KEY (`id`),
  ADD UNIQUE KEY `slug` (`slug`);

--
-- Индексы таблицы `click_stats`
--
ALTER TABLE `click_stats`
  ADD PRIMARY KEY (`id`),
  ADD KEY `idx_offer_id` (`offer_id`),
  ADD KEY `idx_clicked_at` (`clicked_at`);

--
-- Индексы таблицы `geo_redirects`
--
ALTER TABLE `geo_redirects`
  ADD PRIMARY KEY (`id`);

--
-- Индексы таблицы `offers`
--
ALTER TABLE `offers`
  ADD PRIMARY KEY (`id`),
  ADD UNIQUE KEY `slug` (`slug`);

--
-- Индексы таблицы `reviews`
--
ALTER TABLE `reviews`
  ADD PRIMARY KEY (`id`),
  ADD KEY `idx_offer_id` (`offer_id`),
  ADD KEY `idx_approved` (`is_approved`);

--
-- Индексы таблицы `subscribers`
--
ALTER TABLE `subscribers`
  ADD PRIMARY KEY (`id`),
  ADD UNIQUE KEY `email` (`email`);

--
-- AUTO_INCREMENT для сохранённых таблиц
--

--
-- AUTO_INCREMENT для таблицы `admin_users`
--
ALTER TABLE `admin_users`
  MODIFY `id` int(11) NOT NULL AUTO_INCREMENT, AUTO_INCREMENT=6;

--
-- AUTO_INCREMENT для таблицы `articles`
--
ALTER TABLE `articles`
  MODIFY `id` int(11) NOT NULL AUTO_INCREMENT, AUTO_INCREMENT=20;

--
-- AUTO_INCREMENT для таблицы `click_stats`
--
ALTER TABLE `click_stats`
  MODIFY `id` int(11) NOT NULL AUTO_INCREMENT, AUTO_INCREMENT=36;

--
-- AUTO_INCREMENT для таблицы `geo_redirects`
--
ALTER TABLE `geo_redirects`
  MODIFY `id` int(11) NOT NULL AUTO_INCREMENT;

--
-- AUTO_INCREMENT для таблицы `offers`
--
ALTER TABLE `offers`
  MODIFY `id` int(11) NOT NULL AUTO_INCREMENT, AUTO_INCREMENT=5;

--
-- AUTO_INCREMENT для таблицы `reviews`
--
ALTER TABLE `reviews`
  MODIFY `id` int(11) NOT NULL AUTO_INCREMENT, AUTO_INCREMENT=3;

--
-- AUTO_INCREMENT для таблицы `subscribers`
--
ALTER TABLE `subscribers`
  MODIFY `id` int(11) NOT NULL AUTO_INCREMENT, AUTO_INCREMENT=4;
COMMIT;

/*!40101 SET CHARACTER_SET_CLIENT=@OLD_CHARACTER_SET_CLIENT */;
/*!40101 SET CHARACTER_SET_RESULTS=@OLD_CHARACTER_SET_RESULTS */;
/*!40101 SET COLLATION_CONNECTION=@OLD_COLLATION_CONNECTION */;
